LRP1_ntRNA,CGAAAATGAAATA
EPPK1_ntRNA,CGAAAATGAAAGA
LAMB1_ntRNA,CGAAAATGAATAA
KANK2_ntRNA,CGAAAATGAATTA
EDEM2_ntRNA,CGAAAATGAATGA
UBR7_ntRNA,CGAAAATGAAGAA
IGSF3_ntRNA,CGAAAATGAAGTA
GSTO1_ntRNA,CGAAAATGAAGGA
NUP160_ntRNA,CGAAAATGATAAA
TNFSF9_ntRNA,CGAAAATGATATA
CHI3L1_ntRNA,CGAAAATGATAGA
WIPI1_ntRNA,CGAAAATGATTAA
VANGL2_ntRNA,CGAAAATGATTGA
PLEKHG3_ntRNA,CGAAAATGATGAA
RAD51_ntRNA,CGAAAATGATGTA
IL17RD_ntRNA,CGAAAATGATGGA
MBNL2_ntRNA,CGAAAATGAGAAA
ZMAT3_ntRNA,CGAAAATGAGATA
NDUFAF1_ntRNA,CGAAAATGAGAGA
SMG8_ntRNA,CGAAAATGAGTAA
MCM5_ntRNA,CGAAAATGAGTTA
CCNF_ntRNA,CGAAAATGAGTGA
RHEBL1_ntRNA,CGAAAATGAGGAA
TIMM17A_ntRNA,CGAAAATGAGGTA
PIGC_ntRNA,CGAAAAGGAAATA
CBX4_ntRNA,CGAAAAGGAAAGA
MEAK7_ntRNA,CGAAAAGGAATAA
SGSH_ntRNA,CGAAAAGGAATTA
PLA2G4A_ntRNA,CGAAAAGGAATGA
KLHDC8A_ntRNA,CGAAAAGGAAGAA
PAPOLA_ntRNA,CGAAAAGGAAGTA
SF3B1_ntRNA,CGAAAAGGAAGGA
PSMB7_ntRNA,CGAAAAGGATAAA
BUB1_ntRNA,CGAAAAGGATATA
TMEM186_ntRNA,CGAAAAGGATAGA
ARFIP2_ntRNA,CGAAAAGGATTAA
DNAJB9_ntRNA,CGAAAAGGATTGA
TRIB3_ntRNA,CGAAAAGGATGAA
IRAK1_ntRNA,CGAAAAGGATGTA
PET100_ntRNA,CGAAAAGGATGGA
COX6C_ntRNA,CGAAAAGGAGAAA
AP2S1_ntRNA,CGAAAAGGAGATA
MAP2K4_ntRNA,CGAAAAGGAGAGA
LIG1_ntRNA,CGAAAAGGAGTAA
BAG3_ntRNA,CGAAAAGGAGTTA
NEK7_ntRNA,CGAAAAGGAGTGA
STIP1_ntRNA,CGAAAAGGAGGAA
SPIN1_ntRNA,CGAAAAGGAGGTA
CASP8AP2_ntRNA,CGAAATAGAAATA
KIDINS220_ntRNA,CGAAATAGAAAGA
CYFIP1_ntRNA,CGAAATAGAATAA
FNIP1_ntRNA,CGAAATAGAATTA
DENND3_ntRNA,CGAAATAGAATGA
TULP3_ntRNA,CGAAATAGAAGAA
SLC35C1_ntRNA,CGAAATAGAAGTA
RNF181_ntRNA,CGAAATAGAAGGA
MGST2_ntRNA,CGAAATAGATAAA
FAF2_ntRNA,CGAAATAGATATA
COL7A1_ntRNA,CGAAATAGATAGA
SYNPO_ntRNA,CGAAATAGATTAA
C7orf31_ntRNA,CGAAATAGATTGA
MPV17L2_ntRNA,CGAAATAGATGAA
DEPDC7_ntRNA,CGAAATAGATGTA
GMPPA_ntRNA,CGAAATAGATGGA
CRIP2_ntRNA,CGAAATAGAGAAA
TAP1_ntRNA,CGAAATAGAGATA
DSEL_ntRNA,CGAAATAGAGAGA
SGTB_ntRNA,CGAAATAGAGTAA
SEPHS1_ntRNA,CGAAATAGAGTTA
XRCC6_ntRNA,CGAAATAGAGTGA
POLA1_ntRNA,CGAAATAGAGGAA
KIF2C_ntRNA,CGAAATAGAGGTA
USP9X_ntRNA,CGAAATTGAAATA
GPR161_ntRNA,CGAAATTGAAAGA
ARHGEF2_ntRNA,CGAAATTGAATAA
RTL8A_ntRNA,CGAAATTGAATTA
ACTR5_ntRNA,CGAAATTGAATGA
PHGDH_ntRNA,CGAAATTGAAGAA
SLC35B1_ntRNA,CGAAATTGAAGTA
MSH2_ntRNA,CGAAATTGAAGGA
TIMP2_ntRNA,CGAAATTGATAAA
UHRF1_ntRNA,CGAAATTGATATA
KLF5_ntRNA,CGAAATTGATAGA
EEF2_ntRNA,CGAAATTGATTAA
KCNK5_ntRNA,CGAAATTGATTGA
TMEM100_ntRNA,CGAAATTGATGAA
UCP2_ntRNA,CGAAATTGATGTA
DNAJB14_ntRNA,CGAAATTGATGGA
JTB_ntRNA,CGAAATTGAGAAA
MMP10_ntRNA,CGAAATTGAGATA
PREB_ntRNA,CGAAATTGAGAGA
CISD2_ntRNA,CGAAATTGAGTAA
NDUFS5_ntRNA,CGAAATTGAGTTA
MDN1_ntRNA,CGAAATTGAGTGA
PDIA4_ntRNA,CGAAATTGAGGAA
MSN_ntRNA,CGAAATTGAGGTA
SLC16A1_ntRNA,CGAAATGGAAATA
BFAR_ntRNA,CGAAATGGAAAGA
BACE2_ntRNA,CGAAATGGAATAA
MTM1_ntRNA,CGAAATGGAATTA
BEX2_ntRNA,CGAAATGGAATGA
B4GALT5_ntRNA,CGAAATGGAAGAA
PARP2_ntRNA,CGAAATGGAAGTA
MKI67_ntRNA,CGAAATGGAAGGA
BCL9L_ntRNA,CGAAATGGATAAA
SERPINH1_ntRNA,CGAAATGGATATA
ADAMTS6_ntRNA,CGAAATGGATAGA
PBXIP1_ntRNA,CGAAATGGATTAA
ARPC2_ntRNA,CGAAATGGATTGA
ARID1B_ntRNA,CGAAATGGATGAA
PODXL_ntRNA,CGAAATGGATGTA
EIF2AK3_ntRNA,CGAAATGGATGGA
DGKE_ntRNA,CGAAATGGAGAAA
SYVN1_ntRNA,CGAAATGGAGATA
SDC3_ntRNA,CGAAATGGAGAGA
PABPC1_ntRNA,CGAAATGGAGTAA
ANXA1_ntRNA,CGAAATGGAGTTA
ATAD3A_ntRNA,CGAAATGGAGTGA
BRCA2_ntRNA,CGAAATGGAGGAA
SLFN5_ntRNA,CGAAATGGAGGTA
PJA1_ntRNA,CGAAAGAGAAATA
ROR2_ntRNA,CGAAAGAGAAAGA
EXT2_ntRNA,CGAAAGAGAATAA
STEAP2_ntRNA,CGAAAGAGAATTA
ZNF616_ntRNA,CGAAAGAGAATGA
DERL2_ntRNA,CGAAAGAGAAGAA
BCL2L11_ntRNA,CGAAAGAGAAGTA
BCKDK_ntRNA,CGAAAGAGAAGGA
SLC35A4_ntRNA,CGAAAGAGATAAA
CCT3_ntRNA,CGAAAGAGATATA
AP2B1_ntRNA,CGAAAGAGATAGA
TCF3_ntRNA,CGAAAGAGATTAA
FTSJ3_ntRNA,CGAAAGAGATTGA
GPR180_ntRNA,CGAAAGAGATGAA
NPC1_ntRNA,CGAAAGAGATGTA
PDPR_ntRNA,CGAAAGAGATGGA
TMEM214_ntRNA,CGAAAGAGAGAAA
LIMA1_ntRNA,CGAAAGAGAGATA
TGOLN2_ntRNA,CGAAAGAGAGAGA
YWHAG_ntRNA,CGAAAGAGAGTAA
CHST14_ntRNA,CGAAAGAGAGTTA
GINS2_ntRNA,CGAAAGAGAGTGA
TMEM97_ntRNA,CGAAAGAGAGGAA
PGGT1B_ntRNA,CGAAAGAGAGGTA
NEK10_ntRNA,CGAAAGTGAAATA
PRKX_ntRNA,CGAAAGTGAAAGA
TIMM44_ntRNA,CGAAAGTGAATAA
SLC35E1_ntRNA,CGAAAGTGAATTA
PLEC_ntRNA,CGAAAGTGAATGA
EIF2AK4_ntRNA,CGAAAGTGAAGAA
FOXRED2_ntRNA,CGAAAGTGAAGTA
AP4B1_ntRNA,CGAAAGTGAAGGA
LPCAT4_ntRNA,CGAAAGTGATAAA
NME4_ntRNA,CGAAAGTGATATA
MARCKSL1_ntRNA,CGAAAGTGATAGA
MAGED2_ntRNA,CGAAAGTGATTAA
TRMT112_ntRNA,CGAAAGTGATTGA
SREBF1_ntRNA,CGAAAGTGATGAA
MCM6_ntRNA,CGAAAGTGATGTA
DHDDS_ntRNA,CGAAAGTGATGGA
LIFR_ntRNA,CGAAAGTGAGAAA
NFKBIA_ntRNA,CGAAAGTGAGATA
PPP1R12A_ntRNA,CGAAAGTGAGAGA
TMEM147_ntRNA,CGAAAGTGAGTAA
MTPN_ntRNA,CGAAAGTGAGTTA
VCL_ntRNA,CGAAAGTGAGTGA
RAN_ntRNA,CGAAAGTGAGGAA
CBX5_ntRNA,CGAAAGTGAGGTA
KTN1_ntRNA,CGAAAGGGAAATA
RNF145_ntRNA,CGAAAGGGAAAGA
LARP1_ntRNA,CGAAAGGGAATAA
DPM1_ntRNA,CGAAAGGGAATTA
PXDN_ntRNA,CGAAAGGGAATGA
AKAP9_ntRNA,CGAAAGGGAAGAA
TRAIP_ntRNA,CGAAAGGGAAGTA
GRIPAP1_ntRNA,CGAAAGGGAAGGA
PSMB6_ntRNA,CGAAAGGGATAAA
CCT8_ntRNA,CGAAAGGGATATA
G2E3_ntRNA,CGAAAGGGATAGA
RPTOR_ntRNA,CGAAAGGGATTAA
BAZ1A_ntRNA,CGAAAGGGATTGA
EIF4G2_ntRNA,CGAAAGGGATGAA
SPAG5_ntRNA,CGAAAGGGATGTA
MTOR_ntRNA,CGAAAGGGATGGA
ZNF48_ntRNA,CGAAAGGGAGAAA
PDCD5_ntRNA,CGAAAGGGAGATA
TRAPPC1_ntRNA,CGAAAGGGAGAGA
ZBTB5_ntRNA,CGAAAGGGAGTAA
IARS2_ntRNA,CGAAAGGGAGTTA
ATF4_ntRNA,CGAAAGGGAGTGA
HIF1A_ntRNA,CGAAAGGGAGGAA
MCUB_ntRNA,CGAAAGGGAGGTA
PXK_ntRNA,CGAATAAGAAATA
EAF1_ntRNA,CGAATAAGAAAGA
TTC17_ntRNA,CGAATAAGAATAA
RABGGTB_ntRNA,CGAATAAGAATTA
RRBP1_ntRNA,CGAATAAGAATGA
CCNI_ntRNA,CGAATAAGAAGAA
MSX2_ntRNA,CGAATAAGAAGTA
SLC12A6_ntRNA,CGAATAAGAAGGA
ZFAND2A_ntRNA,CGAATAAGATAAA
BBS10_ntRNA,CGAATAAGATATA
NOB1_ntRNA,CGAATAAGATAGA
PSMA7_ntRNA,CGAATAAGATTAA
RPL11_ntRNA,CGAATAAGATTGA
EXO1_ntRNA,CGAATAAGATGAA
NOL6_ntRNA,CGAATAAGATGTA
TSPAN3_ntRNA,CGAATAAGATGGA
MYL9_ntRNA,CGAATAAGAGAAA
MID1_ntRNA,CGAATAAGAGATA
CREB3_ntRNA,CGAATAAGAGAGA
ST3GAL5_ntRNA,CGAATAAGAGTAA
PLPP5_ntRNA,CGAATAAGAGTTA
SNRPB_ntRNA,CGAATAAGAGTGA
ATAD2_ntRNA,CGAATAAGAGGAA
NFE2L1_ntRNA,CGAATAAGAGGTA
MYO10_ntRNA,CGAATATGAAATA
ETS2_ntRNA,CGAATATGAAAGA
DNAJB1_ntRNA,CGAATATGAATAA
LAMTOR1_ntRNA,CGAATATGAATTA
PCK2_ntRNA,CGAATATGAATGA
TMTC4_ntRNA,CGAATATGAAGAA
DCLRE1C_ntRNA,CGAATATGAAGTA
TNKS1BP1_ntRNA,CGAATATGAAGGA
CASD1_ntRNA,CGAATATGATAAA
IK_ntRNA,CGAATATGATATA
TMEM19_ntRNA,CGAATATGATAGA
ELMOD2_ntRNA,CGAATATGATTAA
SH3RF1_ntRNA,CGAATATGATTGA
SEC13_ntRNA,CGAATATGATGAA
SELENOS_ntRNA,CGAATATGATGTA
NAA40_ntRNA,CGAATATGATGGA
FAT1_ntRNA,CGAATATGAGAAA
BTN3A2_ntRNA,CGAATATGAGATA
SLC39A10_ntRNA,CGAATATGAGAGA
GBP1_ntRNA,CGAATATGAGTAA
AAK1_ntRNA,CGAATATGAGTTA
GCC1_ntRNA,CGAATATGAGTGA
TACC1_ntRNA,CGAATATGAGGAA
TEAD2_ntRNA,CGAATATGAGGTA
RTCB_ntRNA,CGAATAGGAAATA
DNAJC1_ntRNA,CGAATAGGAAAGA
SPTAN1_ntRNA,CGAATAGGAATAA
FZR1_ntRNA,CGAATAGGAATTA
JUNB_ntRNA,CGAATAGGAATGA
HOXB6_ntRNA,CGAATAGGAAGAA
DDX49_ntRNA,CGAATAGGAAGTA
POLR3C_ntRNA,CGAATAGGAAGGA
CCT5_ntRNA,CGAATAGGATAAA
SEC61G_ntRNA,CGAATAGGATATA
ADCY3_ntRNA,CGAATAGGATAGA
CEBPD_ntRNA,CGAATAGGATTAA
CNOT4_ntRNA,CGAATAGGATTGA
BET1L_ntRNA,CGAATAGGATGAA
MACF1_ntRNA,CGAATAGGATGTA
PFDN2_ntRNA,CGAATAGGATGGA
EXD2_ntRNA,CGAATAGGAGAAA
AMOTL2_ntRNA,CGAATAGGAGATA
JUN_ntRNA,CGAATAGGAGAGA
FZD1_ntRNA,CGAATAGGAGTAA
HEBP2_ntRNA,CGAATAGGAGTTA
HSPA9_ntRNA,CGAATAGGAGTGA
DENR_ntRNA,CGAATAGGAGGAA
CDC25C_ntRNA,CGAATAGGAGGTA
DYNC1H1_ntRNA,CGAATTAGAAATA
IRS2_ntRNA,CGAATTAGAAAGA
IBTK_ntRNA,CGAATTAGAATAA
TPRA1_ntRNA,CGAATTAGAATTA
MYO5B_ntRNA,CGAATTAGAATGA
EWSR1_ntRNA,CGAATTAGAAGAA
CMTM3_ntRNA,CGAATTAGAAGTA
RFC2_ntRNA,CGAATTAGAAGGA
MGA_ntRNA,CGAATTAGATAAA
DELE1_ntRNA,CGAATTAGATATA
SCRIB_ntRNA,CGAATTAGATAGA
LNP1_ntRNA,CGAATTAGATTAA
SHCBP1_ntRNA,CGAATTAGATTGA
LSG1_ntRNA,CGAATTAGATGAA
XBP1_ntRNA,CGAATTAGATGTA
EID1_ntRNA,CGAATTAGATGGA
HTATIP2_ntRNA,CGAATTAGAGAAA
E2F7_ntRNA,CGAATTAGAGATA
SFXN1_ntRNA,CGAATTAGAGAGA
AGFG1_ntRNA,CGAATTAGAGTAA
CCT2_ntRNA,CGAATTAGAGTTA
CENPA_ntRNA,CGAATTAGAGTGA
ICAM1_ntRNA,CGAATTAGAGGAA
RECK_ntRNA,CGAATTAGAGGTA
SKI_ntRNA,CGAATTTGAAATA
EXOSC1_ntRNA,CGAATTTGAAAGA
BRIP1_ntRNA,CGAATTTGAATAA
UNG_ntRNA,CGAATTTGAATTA
TMEM184B_ntRNA,CGAATTTGAATGA
MAPK3_ntRNA,CGAATTTGAAGAA
ITPRIP_ntRNA,CGAATTTGAAGTA
SIVA1_ntRNA,CGAATTTGAAGGA
MYO1B_ntRNA,CGAATTTGATAAA
SRM_ntRNA,CGAATTTGATATA
NCAPG_ntRNA,CGAATTTGATAGA
CEP120_ntRNA,CGAATTTGATTAA
ATRAID_ntRNA,CGAATTTGATTGA
POLD3_ntRNA,CGAATTTGATGAA
NCAPD2_ntRNA,CGAATTTGATGTA
DDIT3_ntRNA,CGAATTTGATGGA
FAXC_ntRNA,CGAATTTGAGAAA
CDT1_ntRNA,CGAATTTGAGATA
SIDT2_ntRNA,CGAATTTGAGAGA
LONP1_ntRNA,CGAATTTGAGTAA
TUSC3_ntRNA,CGAATTTGAGTTA
CDCA8_ntRNA,CGAATTTGAGTGA
SMC4_ntRNA,CGAATTTGAGGAA
AHNAK_ntRNA,CGAATTTGAGGTA
SF3B3_ntRNA,CGAATTGGAAATA
PIGA_ntRNA,CGAATTGGAAAGA
NCS1_ntRNA,CGAATTGGAATAA
CBX6_ntRNA,CGAATTGGAATTA
SERP1_ntRNA,CGAATTGGAATGA
RAP1A_ntRNA,CGAATTGGAAGAA
PSMB5_ntRNA,CGAATTGGAAGTA
ENO1_ntRNA,CGAATTGGAAGGA
NASP_ntRNA,CGAATTGGATAAA
CLTC_ntRNA,CGAATTGGATATA
RRM1_ntRNA,CGAATTGGATAGA
DTL_ntRNA,CGAATTGGATTAA
GHDC_ntRNA,CGAATTGGATTGA
MCEE_ntRNA,CGAATTGGATGAA
CHD7_ntRNA,CGAATTGGATGTA
VPS13A_ntRNA,CGAATTGGATGGA
NANS_ntRNA,CGAATTGGAGAAA
CCNE2_ntRNA,CGAATTGGAGATA
PPM1G_ntRNA,CGAATTGGAGAGA
SCARA3_ntRNA,CGAATTGGAGTAA
NDC80_ntRNA,CGAATTGGAGTTA
TIPRL_ntRNA,CGAATTGGAGTGA
PLEKHH1_ntRNA,CGAATTGGAGGAA
TSC22D3_ntRNA,CGAATTGGAGGTA
HERPUD1_ntRNA,CGAATGAGAAATA
DDB1_ntRNA,CGAATGAGAAAGA
EIF3H_ntRNA,CGAATGAGAATAA
GTSE1_ntRNA,CGAATGAGAATTA
FEN1_ntRNA,CGAATGAGAATGA
ATP11A_ntRNA,CGAATGAGAAGAA
ETF1_ntRNA,CGAATGAGAAGTA
DSCC1_ntRNA,CGAATGAGAAGGA
ALDH5A1_ntRNA,CGAATGAGATAAA
ATF5_ntRNA,CGAATGAGATATA
NXPE3_ntRNA,CGAATGAGATAGA
NUCB2_ntRNA,CGAATGAGATTAA
GNB1_ntRNA,CGAATGAGATTGA
SIPA1L1_ntRNA,CGAATGAGATGAA
CDK1_ntRNA,CGAATGAGATGTA
PRR5_ntRNA,CGAATGAGATGGA
VAPB_ntRNA,CGAATGAGAGAAA
PSMA4_ntRNA,CGAATGAGAGATA
EIF2S1_ntRNA,CGAATGAGAGAGA
RRAGD_ntRNA,CGAATGAGAGTAA
PRRC1_ntRNA,CGAATGAGAGTTA
ACTG1_ntRNA,CGAATGAGAGTGA
CDC45_ntRNA,CGAATGAGAGGAA
ANLN_ntRNA,CGAATGAGAGGTA
ATP2B4_ntRNA,CGAATGTGAAATA
DEDD2_ntRNA,CGAATGTGAAAGA
FZD7_ntRNA,CGAATGTGAATAA
GPT2_ntRNA,CGAATGTGAATTA
DRAM1_ntRNA,CGAATGTGAATGA
MRPL20_ntRNA,CGAATGTGAAGAA
MYC_ntRNA,CGAATGTGAAGTA
LYPLA1_ntRNA,CGAATGTGAAGGA
UGT8_ntRNA,CGAATGTGATAAA
CCDC9_ntRNA,CGAATGTGATATA
SLC7A11_ntRNA,CGAATGTGATAGA
ARFGAP3_ntRNA,CGAATGTGATTAA
ANP32E_ntRNA,CGAATGTGATTGA
KLHL13_ntRNA,CGAATGTGATGAA
PSEN1_ntRNA,CGAATGTGATGTA
FAM83D_ntRNA,CGAATGTGATGGA
GLRX2_ntRNA,CGAATGTGAGAAA
SCAP_ntRNA,CGAATGTGAGATA
AURKA_ntRNA,CGAATGTGAGAGA
TMPO_ntRNA,CGAATGTGAGTAA
CDCA7_ntRNA,CGAATGTGAGTTA
GSN_ntRNA,CGAATGTGAGTGA
CREBZF_ntRNA,CGAATGTGAGGAA
SYAP1_ntRNA,CGAATGTGAGGTA
ADGRL2_ntRNA,CGAATGGGAAATA
MIS12_ntRNA,CGAATGGGAAAGA
CCT4_ntRNA,CGAATGGGAATAA
MID1IP1_ntRNA,CGAATGGGAATTA
USP27X_ntRNA,CGAATGGGAATGA
ZNF711_ntRNA,CGAATGGGAAGAA
PCMT1_ntRNA,CGAATGGGAAGTA
GOT1_ntRNA,CGAATGGGAAGGA
EZR_ntRNA,CGAATGGGATAAA
TIPIN_ntRNA,CGAATGGGATATA
WDR76_ntRNA,CGAATGGGATAGA
ZNF79_ntRNA,CGAATGGGATTAA
ARHGAP5_ntRNA,CGAATGGGATTGA
NRBF2_ntRNA,CGAATGGGATGAA
HSPA8_ntRNA,CGAATGGGATGTA
CACNA1D_ntRNA,CGAATGGGATGGA
DAG1_ntRNA,CGAATGGGAGAAA
EIF2AK1_ntRNA,CGAATGGGAGATA
AKT1_ntRNA,CGAATGGGAGAGA
MON1B_ntRNA,CGAATGGGAGTAA
SLC5A3_ntRNA,CGAATGGGAGTTA
KLHL42_ntRNA,CGAATGGGAGTGA
SELENOK_ntRNA,CGAATGGGAGGAA
TFDP1_ntRNA,CGAATGGGAGGTA
BET1_ntRNA,CGAAGAAGAAATA
AKAP12_ntRNA,CGAAGAAGAAAGA
PMAIP1_ntRNA,CGAAGAAGAATAA
E2F8_ntRNA,CGAAGAAGAATTA
SLBP_ntRNA,CGAAGAAGAATGA
MTDH_ntRNA,CGAAGAAGAAGAA
DUSP1_ntRNA,CGAAGAAGAAGTA
WFS1_ntRNA,CGAAGAAGAAGGA
ZNF773_ntRNA,CGAAGAAGATAAA
CDK2AP2_ntRNA,CGAAGAAGATATA
ATP13A3_ntRNA,CGAAGAAGATAGA
PSMB3_ntRNA,CGAAGAAGATTAA
CDC20_ntRNA,CGAAGAAGATTGA
HUWE1_ntRNA,CGAAGAAGATGAA
PRRC2A_ntRNA,CGAAGAAGATGTA
SDF2L1_ntRNA,CGAAGAAGATGGA
PNP_ntRNA,CGAAGAAGAGAAA
SLC7A1_ntRNA,CGAAGAAGAGATA
ZNF70_ntRNA,CGAAGAAGAGAGA
CDC42BPA_ntRNA,CGAAGAAGAGTAA
RPS11_ntRNA,CGAAGAAGAGTTA
RPL37_ntRNA,CGAAGAAGAGTGA
FAM107B_ntRNA,CGAAGAAGAGGAA
ATF3_ntRNA,CGAAGAAGAGGTA
RNF215_ntRNA,CGAAGATGAAATA
BNIP1_ntRNA,CGAAGATGAAAGA
SLC3A2_ntRNA,CGAAGATGAATAA
PRIM1_ntRNA,CGAAGATGAATTA
TRIM25_ntRNA,CGAAGATGAATGA
UTRN_ntRNA,CGAAGATGAAGAA
DDR1_ntRNA,CGAAGATGAAGTA
PCBP2_ntRNA,CGAAGATGAAGGA
MAP3K20_ntRNA,CGAAGATGATAAA
PCDH7_ntRNA,CGAAGATGATATA
MBD1_ntRNA,CGAAGATGATAGA
SORBS3_ntRNA,CGAAGATGATTAA
MTMR4_ntRNA,CGAAGATGATTGA
HOXB9_ntRNA,CGAAGATGATGAA
GSTK1_ntRNA,CGAAGATGATGTA
HYOU1_ntRNA,CGAAGATGATGGA
SF3B2_ntRNA,CGAAGATGAGAAA
PSMB4_ntRNA,CGAAGATGAGATA
RRM2_ntRNA,CGAAGATGAGAGA
FANCI_ntRNA,CGAAGATGAGTAA
LAMTOR4_ntRNA,CGAAGATGAGTTA
MTMR14_ntRNA,CGAAGATGAGTGA
ZNF511_ntRNA,CGAAGATGAGGAA
PIK3R4_ntRNA,CGAAGATGAGGTA
EXOSC9_ntRNA,CGAAGAGGAAATA
KIF11_ntRNA,CGAAGAGGAAAGA
IGF2BP2_ntRNA,CGAAGAGGAATAA
MAFB_ntRNA,CGAAGAGGAATTA
ISOC2_ntRNA,CGAAGAGGAATGA
QARS1_ntRNA,CGAAGAGGAAGAA
HK1_ntRNA,CGAAGAGGAAGTA
MDH1_ntRNA,CGAAGAGGAAGGA
IQGAP1_ntRNA,CGAAGAGGATAAA
P3H4_ntRNA,CGAAGAGGATATA
UBE2J1_ntRNA,CGAAGAGGATAGA
HMGCS1_ntRNA,CGAAGAGGATTAA
HNRNPF_ntRNA,CGAAGAGGATTGA
CARD11_ntRNA,CGAAGAGGATGAA
DGAT2_ntRNA,CGAAGAGGATGTA
TP53INP1_ntRNA,CGAAGAGGATGGA
FKBP14_ntRNA,CGAAGAGGAGAAA
GMPPB_ntRNA,CGAAGAGGAGATA
STX5_ntRNA,CGAAGAGGAGAGA
EPDR1_ntRNA,CGAAGAGGAGTAA
STARD4_ntRNA,CGAAGAGGAGTTA
NFIL3_ntRNA,CGAAGAGGAGTGA
ZNF330_ntRNA,CGAAGAGGAGGAA
KIAA1549_ntRNA,CGAAGAGGAGGTA
QPRT_ntRNA,CGAAGTAGAAATA
CREB1_ntRNA,CGAAGTAGAAAGA
LPGAT1_ntRNA,CGAAGTAGAATAA
ZBTB18_ntRNA,CGAAGTAGAATTA
EHBP1L1_ntRNA,CGAAGTAGAATGA
TSPAN14_ntRNA,CGAAGTAGAAGAA
TPX2_ntRNA,CGAAGTAGAAGTA
SSR2_ntRNA,CGAAGTAGAAGGA
PRPF8_ntRNA,CGAAGTAGATAAA
FZD6_ntRNA,CGAAGTAGATATA
FOS_ntRNA,CGAAGTAGATAGA
GALNT11_ntRNA,CGAAGTAGATTAA
POLR2A_ntRNA,CGAAGTAGATTGA
IQSEC1_ntRNA,CGAAGTAGATGAA
SLC38A2_ntRNA,CGAAGTAGATGTA
ACTA2_ntRNA,CGAAGTAGATGGA
ICMT_ntRNA,CGAAGTAGAGAAA
FOSL1_ntRNA,CGAAGTAGAGATA
GORAB_ntRNA,CGAAGTAGAGAGA
VEGFA_ntRNA,CGAAGTAGAGTAA
DNAJB11_ntRNA,CGAAGTAGAGTTA
SLPI_ntRNA,CGAAGTAGAGTGA
FSTL1_ntRNA,CGAAGTAGAGGAA
TACC3_ntRNA,CGAAGTAGAGGTA
DHFR2_ntRNA,CGAAGTTGAAATA
CAMLG_ntRNA,CGAAGTTGAAAGA
GRK2_ntRNA,CGAAGTTGAATAA
SP1_ntRNA,CGAAGTTGAATTA
SH3KBP1_ntRNA,CGAAGTTGAATGA
GORASP2_ntRNA,CGAAGTTGAAGAA
NOP56_ntRNA,CGAAGTTGAAGTA
AURKB_ntRNA,CGAAGTTGAAGGA
DHX9_ntRNA,CGAAGTTGATAAA
SRRD_ntRNA,CGAAGTTGATATA
UBE2C_ntRNA,CGAAGTTGATAGA
ARIH1_ntRNA,CGAAGTTGATTAA
NFE2_ntRNA,CGAAGTTGATTGA
PRR5L_ntRNA,CGAAGTTGATGAA
SENP1_ntRNA,CGAAGTTGATGTA
POU2F1_ntRNA,CGAAGTTGATGGA
UIMC1_ntRNA,CGAAGTTGAGAAA
CNTNAP1_ntRNA,CGAAGTTGAGATA
DNAJC3_ntRNA,CGAAGTTGAGAGA
EIF5_ntRNA,CGAAGTTGAGTAA
SAR1B_ntRNA,CGAAGTTGAGTTA
KDM4A_ntRNA,CGAAGTTGAGTGA
TMED9_ntRNA,CGAAGTTGAGGAA
CCT7_ntRNA,CGAAGTTGAGGTA
PRDX1_ntRNA,CGAAGTGGAAATA
ESYT1_ntRNA,CGAAGTGGAAAGA
YBX3_ntRNA,CGAAGTGGAATAA
CEBPB_ntRNA,CGAAGTGGAATTA
CCNB2_ntRNA,CGAAGTGGAATGA
DISC1_ntRNA,CGAAGTGGAAGAA
MXD1_ntRNA,CGAAGTGGAAGTA
C1RL_ntRNA,CGAAGTGGAAGGA
CD83_ntRNA,CGAAGTGGATAAA
FUCA1_ntRNA,CGAAGTGGATATA
GFPT1_ntRNA,CGAAGTGGATAGA
RPL4_ntRNA,CGAAGTGGATTAA
QSOX2_ntRNA,CGAAGTGGATTGA
CCND1_ntRNA,CGAAGTGGATGAA
AVPI1_ntRNA,CGAAGTGGATGTA
MKNK2_ntRNA,CGAAGTGGATGGA
AHNAK2_ntRNA,CGAAGTGGAGAAA
TFG_ntRNA,CGAAGTGGAGATA
STMN1_ntRNA,CGAAGTGGAGAGA
SOD1_ntRNA,CGAAGTGGAGTAA
RANGAP1_ntRNA,CGAAGTGGAGTTA
MET_ntRNA,CGAAGTGGAGTGA
GLT8D1_ntRNA,CGAAGTGGAGGAA
NPDC1_ntRNA,CGAAGTGGAGGTA
SKP2_ntRNA,CGAAGGAGAAATA
FKBP7_ntRNA,CGAAGGAGAAAGA
GADD45A_ntRNA,CGAAGGAGAATAA
TXNDC15_ntRNA,CGAAGGAGAATTA
PRSS23_ntRNA,CGAAGGAGAATGA
LCA5_ntRNA,CGAAGGAGAAGAA
TUBE1_ntRNA,CGAAGGAGAAGTA
GOLPH3L_ntRNA,CGAAGGAGAAGGA
ENPP4_ntRNA,CGAAGGAGATAAA
LZTFL1_ntRNA,CGAAGGAGATATA
AKAP11_ntRNA,CGAAGGAGATAGA
HES1_ntRNA,CGAAGGAGATTAA
VCP_ntRNA,CGAAGGAGATTGA
CCNY_ntRNA,CGAAGGAGATGAA
COTL1_ntRNA,CGAAGGAGATGTA
ITGA5_ntRNA,CGAAGGAGATGGA
FBXO5_ntRNA,CGAAGGAGAGAAA
TMED2_ntRNA,CGAAGGAGAGATA
OMA1_ntRNA,CGAAGGAGAGAGA
CRISPLD1_ntRNA,CGAAGGAGAGTAA
PXYLP1_ntRNA,CGAAGGAGAGTTA
PPT2_ntRNA,CGAAGGAGAGTGA
PSMB2_ntRNA,CGAAGGAGAGGAA
MANF_ntRNA,CGAAGGAGAGGTA
SMC3_ntRNA,CGAAGGTGAAATA
GEN1_ntRNA,CGAAGGTGAAAGA
EIF4EBP2_ntRNA,CGAAGGTGAATAA
INPP5E_ntRNA,CGAAGGTGAATTA
PSPH_ntRNA,CGAAGGTGAATGA
EGR1_ntRNA,CGAAGGTGAAGAA
PCNA_ntRNA,CGAAGGTGAAGTA
BMPR1B_ntRNA,CGAAGGTGAAGGA
SEMA4B_ntRNA,CGAAGGTGATAAA
EPB41L4B_ntRNA,CGAAGGTGATATA
MARVELD1_ntRNA,CGAAGGTGATAGA
MPG_ntRNA,CGAAGGTGATTAA
GTF3C1_ntRNA,CGAAGGTGATTGA
MDFI_ntRNA,CGAAGGTGATGAA
USP4_ntRNA,CGAAGGTGATGTA
SLC31A1_ntRNA,CGAAGGTGATGGA
OSBP_ntRNA,CGAAGGTGAGAAA
RAD51AP1_ntRNA,CGAAGGTGAGATA
NSMCE3_ntRNA,CGAAGGTGAGAGA
SIAH2_ntRNA,CGAAGGTGAGTAA
IDI1_ntRNA,CGAAGGTGAGTTA
MMUT_ntRNA,CGAAGGTGAGTGA
SRP68_ntRNA,CGAAGGTGAGGAA
KHDRBS1_ntRNA,CGAAGGTGAGGTA
GHITM_ntRNA,CGAAGGGGAAATA
MYRF_ntRNA,CGAAGGGGAAAGA
BRI3BP_ntRNA,CGAAGGGGAATAA
LARP1B_ntRNA,CGAAGGGGAATTA
CPEB4_ntRNA,CGAAGGGGAATGA
DDX56_ntRNA,CGAAGGGGAAGAA
IGSF8_ntRNA,CGAAGGGGAAGTA
ENDOD1_ntRNA,CGAAGGGGAAGGA
SLC26A2_ntRNA,CGAAGGGGATAAA
PSAT1_ntRNA,CGAAGGGGATATA
SEPHS2_ntRNA,CGAAGGGGATAGA
PPP1R15B_ntRNA,CGAAGGGGATTAA
ORC5_ntRNA,CGAAGGGGATTGA
FLNC_ntRNA,CGAAGGGGATGAA
XRCC5_ntRNA,CGAAGGGGATGTA
EIF4G1_ntRNA,CGAAGGGGATGGA
TOR1B_ntRNA,CGAAGGGGAGAAA
NOTCH2_ntRNA,CGAAGGGGAGATA
NUP155_ntRNA,CGAAGGGGAGAGA
LAMTOR5_ntRNA,CGAAGGGGAGTAA
UGDH_ntRNA,CGAAGGGGAGTTA
RAB4A_ntRNA,CGAAGGGGAGTGA
VPS13C_ntRNA,CGAAGGGGAGGAA
RGS4_ntRNA,CGAAGGGGAGGTA
FNDC3B_ntRNA,CGATAAAGAAATA
DNAJB5_ntRNA,CGATAAAGAAAGA
BLM_ntRNA,CGATAAAGAATAA
GFM1_ntRNA,CGATAAAGAATTA
IGF1R_ntRNA,CGATAAAGAATGA
TRAK1_ntRNA,CGATAAAGAAGAA
BIRC5_ntRNA,CGATAAAGAAGTA
MAPKAP1_ntRNA,CGATAAAGAAGGA
BLOC1S3_ntRNA,CGATAAAGATAAA
GLRB_ntRNA,CGATAAAGATATA
GLIPR1_ntRNA,CGATAAAGATAGA
PPP1R15A_ntRNA,CGATAAAGATTAA
MDH2_ntRNA,CGATAAAGATTGA
NBDY_ntRNA,CGATAAAGATGAA
HNRNPA2B1_ntRNA,CGATAAAGATGTA
MAZ_ntRNA,CGATAAAGATGGA
MSTO1_ntRNA,CGATAAAGAGAAA
PKM_ntRNA,CGATAAAGAGATA
HJURP_ntRNA,CGATAAAGAGAGA
PINK1_ntRNA,CGATAAAGAGTAA
WDR44_ntRNA,CGATAAAGAGTTA
PHLDB1_ntRNA,CGATAAAGAGTGA
LFNG_ntRNA,CGATAAAGAGGAA
ATG13_ntRNA,CGATAAAGAGGTA
SNRPA_ntRNA,CGATAATGAAATA
TMEM205_ntRNA,CGATAATGAAAGA
ALG2_ntRNA,CGATAATGAATAA
CHAF1B_ntRNA,CGATAATGAATTA
PSRC1_ntRNA,CGATAATGAATGA
GCN1_ntRNA,CGATAATGAAGAA
GDF11_ntRNA,CGATAATGAAGTA
PNPLA8_ntRNA,CGATAATGAAGGA
GTPBP2_ntRNA,CGATAATGATAAA
SSR1_ntRNA,CGATAATGATATA
PLXNB2_ntRNA,CGATAATGATAGA
MSH6_ntRNA,CGATAATGATTAA
IMPACT_ntRNA,CGATAATGATTGA
RPS6KB2_ntRNA,CGATAATGATGAA
LAMA5_ntRNA,CGATAATGATGTA
FICD_ntRNA,CGATAATGATGGA
SSBP4_ntRNA,CGATAATGAGAAA
ALG11_ntRNA,CGATAATGAGATA
RETREG3_ntRNA,CGATAATGAGAGA
MCAM_ntRNA,CGATAATGAGTAA
ATG101_ntRNA,CGATAATGAGTTA
PANX1_ntRNA,CGATAATGAGTGA
CKAP2_ntRNA,CGATAATGAGGAA
CCNT1_ntRNA,CGATAATGAGGTA
HGSNAT_ntRNA,CGATAAGGAAATA
SH3RF3_ntRNA,CGATAAGGAAAGA
SLC35D1_ntRNA,CGATAAGGAATAA
CDKN1B_ntRNA,CGATAAGGAATTA
LUC7L_ntRNA,CGATAAGGAATGA
GALNT2_ntRNA,CGATAAGGAAGAA
GMNN_ntRNA,CGATAAGGAAGTA
LIPA_ntRNA,CGATAAGGAAGGA
LIN54_ntRNA,CGATAAGGATAAA
RAP2A_ntRNA,CGATAAGGATATA
EDEM1_ntRNA,CGATAAGGATAGA
TTK_ntRNA,CGATAAGGATTAA
SLC16A5_ntRNA,CGATAAGGATTGA
ANKLE2_ntRNA,CGATAAGGATGAA
CPS1_ntRNA,CGATAAGGATGTA
KIF23_ntRNA,CGATAAGGATGGA
CEBPA_ntRNA,CGATAAGGAGAAA
NPRL3_ntRNA,CGATAAGGAGATA
S1PR5_ntRNA,CGATAAGGAGAGA
KCTD5_ntRNA,CGATAAGGAGTAA
ATL2_ntRNA,CGATAAGGAGTTA
RSL1D1_ntRNA,CGATAAGGAGTGA
EPRS1_ntRNA,CGATAAGGAGGAA
LBR_ntRNA,CGATAAGGAGGTA
TNFRSF10B_ntRNA,CGATATAGAAATA
CAMTA2_ntRNA,CGATATAGAAAGA
TUFT1_ntRNA,CGATATAGAATAA
RPL28_ntRNA,CGATATAGAATTA
TUBB4B_ntRNA,CGATATAGAATGA
TFRC_ntRNA,CGATATAGAAGAA
DDX3X_ntRNA,CGATATAGAAGTA
MBOAT2_ntRNA,CGATATAGAAGGA
FAM53C_ntRNA,CGATATAGATAAA
RABL6_ntRNA,CGATATAGATATA
RHBDF1_ntRNA,CGATATAGATAGA
PHB1_ntRNA,CGATATAGATTAA
CMTM6_ntRNA,CGATATAGATTGA
HSP90B1_ntRNA,CGATATAGATGAA
ANXA5_ntRNA,CGATATAGATGTA
UBL4A_ntRNA,CGATATAGATGGA
TMEM223_ntRNA,CGATATAGAGAAA
LGALS3BP_ntRNA,CGATATAGAGATA
CLU_ntRNA,CGATATAGAGAGA
CKAP5_ntRNA,CGATATAGAGTAA
SFRP1_ntRNA,CGATATAGAGTTA
TUBA1A_ntRNA,CGATATAGAGTGA
GLG1_ntRNA,CGATATAGAGGAA
TGIF1_ntRNA,CGATATAGAGGTA
LARP6_ntRNA,CGATATTGAAATA
MEGF8_ntRNA,CGATATTGAAAGA
HIVEP3_ntRNA,CGATATTGAATAA
VSIG10_ntRNA,CGATATTGAATTA
DUS1L_ntRNA,CGATATTGAATGA
SIRPA_ntRNA,CGATATTGAAGAA
RARS1_ntRNA,CGATATTGAAGTA
CTCF_ntRNA,CGATATTGAAGGA
KIF20B_ntRNA,CGATATTGATAAA
TTI1_ntRNA,CGATATTGATATA
ZNF831_ntRNA,CGATATTGATAGA
CENPF_ntRNA,CGATATTGATTAA
LYSMD3_ntRNA,CGATATTGATTGA
CRELD2_ntRNA,CGATATTGATGAA
PTPRF_ntRNA,CGATATTGATGTA
BUB3_ntRNA,CGATATTGATGGA
S100A16_ntRNA,CGATATTGAGAAA
ABHD15_ntRNA,CGATATTGAGATA
ZCCHC24_ntRNA,CGATATTGAGAGA
INTS12_ntRNA,CGATATTGAGTAA
EIF3L_ntRNA,CGATATTGAGTTA
MATN2_ntRNA,CGATATTGAGTGA
CHST2_ntRNA,CGATATTGAGGAA
PCDHB5_ntRNA,CGATATTGAGGTA
UFL1_ntRNA,CGATATGGAAATA
STX16_ntRNA,CGATATGGAAAGA
SEC11C_ntRNA,CGATATGGAATAA
ZNF622_ntRNA,CGATATGGAATTA
RBM25_ntRNA,CGATATGGAATGA
TPR_ntRNA,CGATATGGAAGAA
GGH_ntRNA,CGATATGGAAGTA
HSP90AB1_ntRNA,CGATATGGAAGGA
LGR4_ntRNA,CGATATGGATAAA
MCM2_ntRNA,CGATATGGATATA
SAMD4B_ntRNA,CGATATGGATAGA
SGCB_ntRNA,CGATATGGATTAA
SESN2_ntRNA,CGATATGGATTGA
HNRNPK_ntRNA,CGATATGGATGAA
ADCY9_ntRNA,CGATATGGATGTA
PCYOX1_ntRNA,CGATATGGATGGA
SND1_ntRNA,CGATATGGAGAAA
FLNB_ntRNA,CGATATGGAGATA
FBXW5_ntRNA,CGATATGGAGAGA
RPS23_ntRNA,CGATATGGAGTAA
CENPO_ntRNA,CGATATGGAGTTA
CTNNA1_ntRNA,CGATATGGAGTGA
NUF2_ntRNA,CGATATGGAGGAA
NFE2L2_ntRNA,CGATATGGAGGTA
LAMTOR2_ntRNA,CGATAGAGAAATA
CELSR2_ntRNA,CGATAGAGAAAGA
VPS13D_ntRNA,CGATAGAGAATAA
RTL8C_ntRNA,CGATAGAGAATTA
IL13RA1_ntRNA,CGATAGAGAATGA
GAS2L3_ntRNA,CGATAGAGAAGAA
NEK2_ntRNA,CGATAGAGAAGTA
CSTB_ntRNA,CGATAGAGAAGGA
LARS2_ntRNA,CGATAGAGATAAA
PIEZO1_ntRNA,CGATAGAGATATA
SEC31A_ntRNA,CGATAGAGATAGA
CPD_ntRNA,CGATAGAGATTAA
NDUFS3_ntRNA,CGATAGAGATTGA
MAPK8IP1_ntRNA,CGATAGAGATGAA
AP3D1_ntRNA,CGATAGAGATGTA
IGFBP5_ntRNA,CGATAGAGATGGA
CDR2_ntRNA,CGATAGAGAGAAA
SPRYD3_ntRNA,CGATAGAGAGATA
PYCR1_ntRNA,CGATAGAGAGAGA
SEL1L_ntRNA,CGATAGAGAGTAA
CANX_ntRNA,CGATAGAGAGTTA
MAF_ntRNA,CGATAGAGAGTGA
RAB36_ntRNA,CGATAGAGAGGAA
FAM161B_ntRNA,CGATAGAGAGGTA
TM7SF3_ntRNA,CGATAGTGAAATA
TUBB2A_ntRNA,CGATAGTGAAAGA
STX3_ntRNA,CGATAGTGAATAA
LNPEP_ntRNA,CGATAGTGAATTA
CEBPG_ntRNA,CGATAGTGAATGA
BATF2_ntRNA,CGATAGTGAAGAA
ANO3_ntRNA,CGATAGTGAAGTA
NEO1_ntRNA,CGATAGTGAAGGA
WDFY3_ntRNA,CGATAGTGATAAA
SEC24D_ntRNA,CGATAGTGATATA
CCDC88A_ntRNA,CGATAGTGATAGA
P2RY1_ntRNA,CGATAGTGATTAA
SLC2A4RG_ntRNA,CGATAGTGATTGA
HLA-A_ntRNA,CGATAGTGATGAA
RPS6KB1_ntRNA,CGATAGTGATGTA
EIF3B_ntRNA,CGATAGTGATGGA
ZSCAN5A_ntRNA,CGATAGTGAGAAA
DYRK3_ntRNA,CGATAGTGAGATA
PTPN21_ntRNA,CGATAGTGAGAGA
LRRC59_ntRNA,CGATAGTGAGTAA
ABCC1_ntRNA,CGATAGTGAGTTA
SLC1A4_ntRNA,CGATAGTGAGTGA
CDK5R1_ntRNA,CGATAGTGAGGAA
NFKBIZ_ntRNA,CGATAGTGAGGTA
PTTG1_ntRNA,CGATAGGGAAATA
P4HB_ntRNA,CGATAGGGAAAGA
LRRC8D_ntRNA,CGATAGGGAATAA
RB1_ntRNA,CGATAGGGAATTA
CDCA2_ntRNA,CGATAGGGAATGA
IGF2BP3_ntRNA,CGATAGGGAAGAA
ABCF3_ntRNA,CGATAGGGAAGTA
RCAN1_ntRNA,CGATAGGGAAGGA
FAM210B_ntRNA,CGATAGGGATAAA
SLC25A5_ntRNA,CGATAGGGATATA
PSMD2_ntRNA,CGATAGGGATAGA
ATP1A1_ntRNA,CGATAGGGATTAA
THBS1_ntRNA,CGATAGGGATTGA
MANEA_ntRNA,CGATAGGGATGAA
DDX59_ntRNA,CGATAGGGATGTA
GOSR1_ntRNA,CGATAGGGATGGA
SLC25A39_ntRNA,CGATAGGGAGAAA
FURIN_ntRNA,CGATAGGGAGATA
IFNGR2_ntRNA,CGATAGGGAGAGA
USP1_ntRNA,CGATAGGGAGTAA
SLC7A5_ntRNA,CGATAGGGAGTTA
MXI1_ntRNA,CGATAGGGAGTGA
ACVR1B_ntRNA,CGATAGGGAGGAA
IL27RA_ntRNA,CGATAGGGAGGTA
HSPA5_ntRNA,CGATTAAGAAATA
HELLS_ntRNA,CGATTAAGAAAGA
ALDH18A1_ntRNA,CGATTAAGAATAA
GATA3_ntRNA,CGATTAAGAATTA
SHMT2_ntRNA,CGATTAAGAATGA
AARS1_ntRNA,CGATTAAGAAGAA
UBC_ntRNA,CGATTAAGAAGTA
MCM4_ntRNA,CGATTAAGAAGGA
TAPBP_ntRNA,CGATTAAGATAAA
DIS3L_ntRNA,CGATTAAGATATA
ATIC_ntRNA,CGATTAAGATAGA
EIF1B_ntRNA,CGATTAAGATTAA
HMMR_ntRNA,CGATTAAGATTGA
HEXA_ntRNA,CGATTAAGATGAA
EGFR_ntRNA,CGATTAAGATGTA
TOP2A_ntRNA,CGATTAAGATGGA
DUSP2_ntRNA,CGATTAAGAGAAA
SPOP_ntRNA,CGATTAAGAGATA
SEC23B_ntRNA,CGATTAAGAGAGA
LUC7L3_ntRNA,CGATTAAGAGTAA
CDK2AP1_ntRNA,CGATTAAGAGTTA
CENPE_ntRNA,CGATTAAGAGTGA
CCDC127_ntRNA,CGATTAAGAGGAA
BTBD3_ntRNA,CGATTAAGAGGTA
RICTOR_ntRNA,CGATTATGAAATA
MCOLN2_ntRNA,CGATTATGAAAGA
ALG10B_ntRNA,CGATTATGAATAA
ZDHHC20_ntRNA,CGATTATGAATTA
MAP3K1_ntRNA,CGATTATGAATGA
C14orf28_ntRNA,CGATTATGAAGAA
DBN1_ntRNA,CGATTATGAAGTA
UBE4A_ntRNA,CGATTATGAAGGA
ODC1_ntRNA,CGATTATGATAAA
ZNF581_ntRNA,CGATTATGATATA
NHLRC3_ntRNA,CGATTATGATAGA
CA11_ntRNA,CGATTATGATTAA
MED8_ntRNA,CGATTATGATTGA
TUFM_ntRNA,CGATTATGATGAA
PGM3_ntRNA,CGATTATGATGTA
ATF6_ntRNA,CGATTATGATGGA
DIAPH1_ntRNA,CGATTATGAGAAA
ARMCX2_ntRNA,CGATTATGAGATA
GLRX_ntRNA,CGATTATGAGAGA
PCBP1_ntRNA,CGATTATGAGTAA
SPTBN1_ntRNA,CGATTATGAGTTA
SESN3_ntRNA,CGATTATGAGTGA
FUS_ntRNA,CGATTATGAGGAA
SRPRA_ntRNA,CGATTATGAGGTA
DLGAP5_ntRNA,CGATTAGGAAATA
NIPBL_ntRNA,CGATTAGGAAAGA
RPS6_ntRNA,CGATTAGGAATAA
RNF41_ntRNA,CGATTAGGAATTA
SRA1_ntRNA,CGATTAGGAATGA
RPP38_ntRNA,CGATTAGGAAGAA
FLNA_ntRNA,CGATTAGGAAGTA
SPG21_ntRNA,CGATTAGGAAGGA
NFE2L3_ntRNA,CGATTAGGATAAA
LAMTOR3_ntRNA,CGATTAGGATATA
FGF12_ntRNA,CGATTAGGATAGA
TMEM104_ntRNA,CGATTAGGATTAA
MTMR6_ntRNA,CGATTAGGATTGA
CALR_ntRNA,CGATTAGGATGAA
RPA2_ntRNA,CGATTAGGATGTA
KAT7_ntRNA,CGATTAGGATGGA
C1GALT1_ntRNA,CGATTAGGAGAAA
EIF3D_ntRNA,CGATTAGGAGATA
SRRM2_ntRNA,CGATTAGGAGAGA
UBE2J2_ntRNA,CGATTAGGAGTAA
NDUFS2_ntRNA,CGATTAGGAGTTA
ADAM23_ntRNA,CGATTAGGAGTGA
CCNYL1_ntRNA,CGATTAGGAGGAA
PRKDC_ntRNA,CGATTAGGAGGTA
RXRA_ntRNA,CGATTTAGAAATA
SATB1_ntRNA,CGATTTAGAAAGA
CCDC174_ntRNA,CGATTTAGAATAA
RAB35_ntRNA,CGATTTAGAATTA
ZCCHC14_ntRNA,CGATTTAGAATGA
SH3BP4_ntRNA,CGATTTAGAAGAA
EPHA2_ntRNA,CGATTTAGAAGTA
HMGB2_ntRNA,CGATTTAGAAGGA
BATF3_ntRNA,CGATTTAGATAAA
VWA8_ntRNA,CGATTTAGATATA
PELO_ntRNA,CGATTTAGATAGA
FAM13B_ntRNA,CGATTTAGATTAA
DYNLL1_ntRNA,CGATTTAGATTGA
CKAP2L_ntRNA,CGATTTAGATGAA
TMEM242_ntRNA,CGATTTAGATGTA
COL3A1_ntRNA,CGATTTAGATGGA
THAP4_ntRNA,CGATTTAGAGAAA
CLSPN_ntRNA,CGATTTAGAGATA
DYRK2_ntRNA,CGATTTAGAGAGA
LAMC1_ntRNA,CGATTTAGAGTAA
TNPO1_ntRNA,CGATTTAGAGTTA
RAB3GAP2_ntRNA,CGATTTAGAGTGA
FASN_ntRNA,CGATTTAGAGGAA
NES_ntRNA,CGATTTAGAGGTA
PARP14_ntRNA,CGATTTGGAAATA
SAFB_ntRNA,CGATTTGGAAAGA
PPP3CB_ntRNA,CGATTTGGAATAA
EI24_ntRNA,CGATTTGGAATTA
MYBL2_ntRNA,CGATTTGGAATGA
GNL3_ntRNA,CGATTTGGAAGAA
TYMS_ntRNA,CGATTTGGAAGTA
FLCN_ntRNA,CGATTTGGAAGGA
TXNDC11_ntRNA,CGATTTGGATAAA
ZNF432_ntRNA,CGATTTGGATATA
SNN_ntRNA,CGATTTGGATAGA
POLR1C_ntRNA,CGATTTGGATTAA
ATP6V0E1_ntRNA,CGATTTGGATTGA
ECT2_ntRNA,CGATTTGGATGAA
CDCA3_ntRNA,CGATTTGGATGTA
MGAT5_ntRNA,CGATTTGGATGGA
MOGS_ntRNA,CGATTTGGAGAAA
AKAP1_ntRNA,CGATTTGGAGATA
CDC6_ntRNA,CGATTTGGAGAGA
CALM3_ntRNA,CGATTTGGAGTAA
KIAA0040_ntRNA,CGATTTGGAGTTA
NCKAP5L_ntRNA,CGATTTGGAGTGA
GPR157_ntRNA,CGATTTGGAGGAA
FBXO9_ntRNA,CGATTTGGAGGTA
NT5DC2_ntRNA,CGATTGAGAAATA
SEC61B_ntRNA,CGATTGAGAAAGA
HSPD1_ntRNA,CGATTGAGAATAA
EEF1G_ntRNA,CGATTGAGAATTA
PTP4A1_ntRNA,CGATTGAGAATGA
ATP5MC1_ntRNA,CGATTGAGAAGAA
TUBA1B_ntRNA,CGATTGAGAAGTA
IFRD1_ntRNA,CGATTGAGAAGGA
CKS2_ntRNA,CGATTGAGATAAA
NUSAP1_ntRNA,CGATTGAGATATA
PSMA6_ntRNA,CGATTGAGATAGA
QRICH1_ntRNA,CGATTGAGATTAA
CSNK1E_ntRNA,CGATTGAGATTGA
WDR83OS_ntRNA,CGATTGAGATGAA
FTH1_ntRNA,CGATTGAGATGTA
RPS8_ntRNA,CGATTGAGATGGA
HGS_ntRNA,CGATTGAGAGAAA
CHRNA5_ntRNA,CGATTGAGAGATA
TRIM16_ntRNA,CGATTGAGAGAGA
FTL_ntRNA,CGATTGAGAGTAA
TM9SF1_ntRNA,CGATTGAGAGTTA
VTI1B_ntRNA,CGATTGAGAGTGA
KMT5A_ntRNA,CGATTGAGAGGAA
TXN_ntRNA,CGATTGAGAGGTA
ZNF22_ntRNA,CGATTGTGAAATA
PSMA2_ntRNA,CGATTGTGAAAGA
RPS3A_ntRNA,CGATTGTGAATAA
RPS3_ntRNA,CGATTGTGAATTA
YBX1_ntRNA,CGATTGTGAATGA
HNRNPH1_ntRNA,CGATTGTGAAGAA
C1QBP_ntRNA,CGATTGTGAAGTA
NUTF2_ntRNA,CGATTGTGAAGGA
PARK7_ntRNA,CGATTGTGATAAA
HNRNPDL_ntRNA,CGATTGTGATATA
DEK_ntRNA,CGATTGTGATAGA
RBM39_ntRNA,CGATTGTGATTAA
ALYREF_ntRNA,CGATTGTGATTGA
EIF3A_ntRNA,CGATTGTGATGAA
POLR2I_ntRNA,CGATTGTGATGTA
EIF3G_ntRNA,CGATTGTGATGGA
PNN_ntRNA,CGATTGTGAGAAA
HNRNPAB_ntRNA,CGATTGTGAGATA
SAP18_ntRNA,CGATTGTGAGAGA
PARP1_ntRNA,CGATTGTGAGTAA
ILF2_ntRNA,CGATTGTGAGTTA
UBA1_ntRNA,CGATTGTGAGTGA
CSDE1_ntRNA,CGATTGTGAGGAA
SF3B6_ntRNA,CGATTGTGAGGTA
DDX39A_ntRNA,CGATTGGGAAATA
NAA38_ntRNA,CGATTGGGAAAGA
SRSF5_ntRNA,CGATTGGGAATAA
HNRNPD_ntRNA,CGATTGGGAATTA
HNRNPU_ntRNA,CGATTGGGAATGA
TRA2B_ntRNA,CGATTGGGAAGAA
STRAP_ntRNA,CGATTGGGAAGTA
HNRNPL_ntRNA,CGATTGGGAAGGA
EIF3K_ntRNA,CGATTGGGATAAA
RUVBL1_ntRNA,CGATTGGGATATA
UBAP2L_ntRNA,CGATTGGGATAGA
HNRNPM_ntRNA,CGATTGGGATTAA
CNBP_ntRNA,CGATTGGGATTGA
RAE1_ntRNA,CGATTGGGATGAA
SRSF9_ntRNA,CGATTGGGATGTA
DHX15_ntRNA,CGATTGGGATGGA
EIF3I_ntRNA,CGATTGGGAGAAA
EIF4A3_ntRNA,CGATTGGGAGATA
PQBP1_ntRNA,CGATTGGGAGAGA
SF3B4_ntRNA,CGATTGGGAGTAA
RUVBL2_ntRNA,CGATTGGGAGTTA
HNRNPH3_ntRNA,CGATTGGGAGTGA
SFPQ_ntRNA,CGATTGGGAGGAA
EIF6_ntRNA,CGATTGGGAGGTA
ELAVL1_ntRNA,CGATGAAGAAATA
HNRNPR_ntRNA,CGATGAAGAAAGA
SF3B5_ntRNA,CGATGAAGAATAA
PTBP1_ntRNA,CGATGAAGAATTA
FAM120A_ntRNA,CGATGAAGAATGA
IPO5_ntRNA,CGATGAAGAAGAA
DAZAP1_ntRNA,CGATGAAGAAGTA
U2AF2_ntRNA,CGATGAAGAAGGA
SRSF7_ntRNA,CGATGAAGATAAA
THRAP3_ntRNA,CGATGAAGATATA
PAIP1_ntRNA,CGATGAAGATAGA
SRSF11_ntRNA,CGATGAAGATTAA
HTATSF1_ntRNA,CGATGAAGATTGA
STAU1_ntRNA,CGATGAAGATGAA
RNPS1_ntRNA,CGATGAAGATGTA
POLR2F_ntRNA,CGATGAAGATGGA
PRPF19_ntRNA,CGATGAAGAGAAA
GSPT1_ntRNA,CGATGAAGAGATA
MAGOH_ntRNA,CGATGAAGAGAGA
HNRNPUL1_ntRNA,CGATGAAGAGTAA
DHX30_ntRNA,CGATGAAGAGTTA
THOC7_ntRNA,CGATGAAGAGTGA
ZRANB2_ntRNA,CGATGAAGAGGAA
IPO7_ntRNA,CGATGAAGAGGTA
PUM3_ntRNA,CGATGATGAAATA
FAM98A_ntRNA,CGATGATGAAAGA
PAIP2_ntRNA,CGATGATGAATAA
DDX42_ntRNA,CGATGATGAATTA
G3BP2_ntRNA,CGATGATGAATGA
SSU72_ntRNA,CGATGATGAAGAA
DDX1_ntRNA,CGATGATGAAGTA
PSIP1_ntRNA,CGATGATGAAGGA
CNOT1_ntRNA,CGATGATGATAAA
YTHDF1_ntRNA,CGATGATGATATA
CPSF6_ntRNA,CGATGATGATAGA
SRSF4_ntRNA,CGATGATGATTAA
ILF3_ntRNA,CGATGATGATTGA
ACIN1_ntRNA,CGATGATGATGAA
SAFB2_ntRNA,CGATGATGATGTA
CHERP_ntRNA,CGATGATGATGGA
DHX38_ntRNA,CGATGATGAGAAA
FUBP3_ntRNA,CGATGATGAGATA
DDX41_ntRNA,CGATGATGAGAGA
KHSRP_ntRNA,CGATGATGAGTAA
SUPT6H_ntRNA,CGATGATGAGTTA
PPIH_ntRNA,CGATGATGAGTGA
POLR2G_ntRNA,CGATGATGAGGAA
HDLBP_ntRNA,CGATGATGAGGTA
SON_ntRNA,CGATGAGGAAATA
CPSF3_ntRNA,CGATGAGGAAAGA
XAB2_ntRNA,CGATGAGGAATAA
POLR2L_ntRNA,CGATGAGGAATTA
BZW2_ntRNA,CGATGAGGAATGA
SNW1_ntRNA,CGATGAGGAAGAA
AKAP8L_ntRNA,CGATGAGGAAGTA
TBRG4_ntRNA,CGATGAGGAAGGA
LSM14B_ntRNA,CGATGAGGATAAA
MRTO4_ntRNA,CGATGAGGATATA
XPO1_ntRNA,CGATGAGGATAGA
GTF2F1_ntRNA,CGATGAGGATTAA
ALKBH5_ntRNA,CGATGAGGATTGA
ADAR_ntRNA,CGATGAGGATGAA
ZNF207_ntRNA,CGATGAGGATGTA
EPAS1_ntRNA,CGATGAGGATGGA
HMGN3_ntRNA,CGATGAGGAGAAA
DRAP1_ntRNA,CGATGAGGAGATA
HMG20B_ntRNA,CGATGAGGAGAGA
FOXM1_ntRNA,CGATGAGGAGTAA
CENPX_ntRNA,CGATGAGGAGTTA
CENPB_ntRNA,CGATGAGGAGTGA
HOXC10_ntRNA,CGATGAGGAGGAA
NR2F6_ntRNA,CGATGAGGAGGTA
TBX1_ntRNA,CGATGTAGAAATA
BHLHE40_ntRNA,CGATGTAGAAAGA
CREM_ntRNA,CGATGTAGAATAA
SREBF2_ntRNA,CGATGTAGAATTA
ATF1_ntRNA,CGATGTAGAATGA
TEAD4_ntRNA,CGATGTAGAAGAA
DR1_ntRNA,CGATGTAGAAGTA
E2F4_ntRNA,CGATGTAGAAGGA
CHCHD3_ntRNA,CGATGTAGATAAA
MAFK_ntRNA,CGATGTAGATATA
E2F1_ntRNA,CGATGTAGATAGA
ZBTB7B_ntRNA,CGATGTAGATTAA
DNTTIP1_ntRNA,CGATGTAGATTGA
CBX2_ntRNA,CGATGTAGATGAA
ZNF787_ntRNA,CGATGTAGATGTA
NFYC_ntRNA,CGATGTAGATGGA
JUND_ntRNA,CGATGTAGAGAAA
FOXF2_ntRNA,CGATGTAGAGATA
ZNF384_ntRNA,CGATGTAGAGAGA
ZNF512B_ntRNA,CGATGTAGAGTAA
ZNF664_ntRNA,CGATGTAGAGTTA
ADNP_ntRNA,CGATGTAGAGTGA
ZNF146_ntRNA,CGATGTAGAGGAA
THAP7_ntRNA,CGATGTAGAGGTA
TSC22D1_ntRNA,CGATGTTGAAATA
ARID2_ntRNA,CGATGTTGAAAGA
HSF1_ntRNA,CGATGTTGAATAA
PITX1_ntRNA,CGATGTTGAATTA
TBP_ntRNA,CGATGTTGAATGA
NR2F1_ntRNA,CGATGTTGAAGAA
ZFX_ntRNA,CGATGTTGAAGTA
FOXK2_ntRNA,CGATGTTGAAGGA
YY1_ntRNA,CGATGTTGATAAA
NACC2_ntRNA,CGATGTTGATATA
VEZF1_ntRNA,CGATGTTGATAGA
SOX4_ntRNA,CGATGTTGATTAA
TFAP2C_ntRNA,CGATGTTGATTGA
ELK1_ntRNA,CGATGTTGATGAA
TFE3_ntRNA,CGATGTTGATGTA
GTF2I_ntRNA,CGATGTTGATGGA
PHF20_ntRNA,CGATGTTGAGAAA
TEAD1_ntRNA,CGATGTTGAGATA
GLMP_ntRNA,CGATGTTGAGAGA
CREB3L2_ntRNA,CGATGTTGAGTAA
ZFP91_ntRNA,CGATGTTGAGTTA
AHCTF1_ntRNA,CGATGTTGAGTGA
TCFL5_ntRNA,CGATGTTGAGGAA
ATF6B_ntRNA,CGATGTTGAGGTA
PRMT3_ntRNA,CGATGTGGAAATA
PBX2_ntRNA,CGATGTGGAAAGA
MEF2D_ntRNA,CGATGTGGAATAA
ZNF335_ntRNA,CGATGTGGAATTA
THYN1_ntRNA,CGATGTGGAATGA
JDP2_ntRNA,CGATGTGGAAGAA
ZNF512_ntRNA,CGATGTGGAAGTA
FOXK1_ntRNA,CGATGTGGAAGGA
PCGF2_ntRNA,CGATGTGGATAAA
TTF1_ntRNA,CGATGTGGATATA
RELA_ntRNA,CGATGTGGATAGA
TRAFD1_ntRNA,CGATGTGGATTAA
ZNF428_ntRNA,CGATGTGGATTGA
FOXC2_ntRNA,CGATGTGGATGAA
KLF13_ntRNA,CGATGTGGATGTA
ZNF609_ntRNA,CGATGTGGATGGA
ZBTB38_ntRNA,CGATGTGGAGAAA
GATA2_ntRNA,CGATGTGGAGATA
NFIC_ntRNA,CGATGTGGAGAGA
BPTF_ntRNA,CGATGTGGAGTAA
UBP1_ntRNA,CGATGTGGAGTTA
KLF10_ntRNA,CGATGTGGAGTGA
ZNF281_ntRNA,CGATGTGGAGGAA
ZNF121_ntRNA,CGATGTGGAGGTA
E2F3_ntRNA,CGATGGAGAAATA
SOX12_ntRNA,CGATGGAGAAAGA
XPA_ntRNA,CGATGGAGAATAA
PLAGL1_ntRNA,CGATGGAGAATTA
TP53_ntRNA,CGATGGAGAATGA
ZBTB12_ntRNA,CGATGGAGAAGAA
MSANTD3_ntRNA,CGATGGAGAAGTA
HNRNPC_ntRNA,CGATGGAGATAAA
EIF3C_ntRNA,CGATGGAGATATA
EIF4B_ntRNA,CGATGGAGATAGA
BCLAF1_ntRNA,CGATGGAGATTAA
SRSF2_ntRNA,CGATGGAGATTGA
RBM4_ntRNA,CGATGGAGATGAA
SRSF1_ntRNA,CGATGGAGATGTA
NME2_ntRNA,CGATGGAGATGGA
HMGA1_ntRNA,CGATGGAGAGAAA
AHRR_ntRNA,CGATGGAGAGATA
SERBP1_ntRNA,CGATGGAGAGAGA
EIF5A_ntRNA,CGATGGAGAGTAA
SUB1_ntRNA,CGATGGAGAGTTA
BZW1_ntRNA,CGATGGAGAGTGA
EIF3J_ntRNA,CGATGGAGAGGAA
EIF1_ntRNA,CGATGGAGAGGTA
SRSF3_ntRNA,CGATGGTGAAATA
ARL6IP4_ntRNA,CGATGGTGAAAGA
PIMREG_ntRNA,CGATGGTGAATAA
JPT1_ntRNA,CGATGGTGAATTA
ADPRS_ntRNA,CGATGGTGAATGA
CENPU_ntRNA,CGATGGTGAAGAA
IRF4_ntRNA,CGATGGTGAAGTA
CCN2_ntRNA,CGATGGTGAAGGA
TASOR2_ntRNA,CGATGGTGATAAA
LRP1_rbRNA,TGAAAATGAAATA
EPPK1_rbRNA,TGAAAATGAAAGA
LAMB1_rbRNA,TGAAAATGAATAA
KANK2_rbRNA,TGAAAATGAATTA
EDEM2_rbRNA,TGAAAATGAATGA
UBR7_rbRNA,TGAAAATGAAGAA
IGSF3_rbRNA,TGAAAATGAAGTA
GSTO1_rbRNA,TGAAAATGAAGGA
NUP160_rbRNA,TGAAAATGATAAA
TNFSF9_rbRNA,TGAAAATGATATA
CHI3L1_rbRNA,TGAAAATGATAGA
WIPI1_rbRNA,TGAAAATGATTAA
VANGL2_rbRNA,TGAAAATGATTGA
PLEKHG3_rbRNA,TGAAAATGATGAA
RAD51_rbRNA,TGAAAATGATGTA
IL17RD_rbRNA,TGAAAATGATGGA
MBNL2_rbRNA,TGAAAATGAGAAA
ZMAT3_rbRNA,TGAAAATGAGATA
NDUFAF1_rbRNA,TGAAAATGAGAGA
SMG8_rbRNA,TGAAAATGAGTAA
MCM5_rbRNA,TGAAAATGAGTTA
CCNF_rbRNA,TGAAAATGAGTGA
RHEBL1_rbRNA,TGAAAATGAGGAA
TIMM17A_rbRNA,TGAAAATGAGGTA
PIGC_rbRNA,TGAAAAGGAAATA
CBX4_rbRNA,TGAAAAGGAAAGA
MEAK7_rbRNA,TGAAAAGGAATAA
SGSH_rbRNA,TGAAAAGGAATTA
PLA2G4A_rbRNA,TGAAAAGGAATGA
KLHDC8A_rbRNA,TGAAAAGGAAGAA
PAPOLA_rbRNA,TGAAAAGGAAGTA
SF3B1_rbRNA,TGAAAAGGAAGGA
PSMB7_rbRNA,TGAAAAGGATAAA
BUB1_rbRNA,TGAAAAGGATATA
TMEM186_rbRNA,TGAAAAGGATAGA
ARFIP2_rbRNA,TGAAAAGGATTAA
DNAJB9_rbRNA,TGAAAAGGATTGA
TRIB3_rbRNA,TGAAAAGGATGAA
IRAK1_rbRNA,TGAAAAGGATGTA
PET100_rbRNA,TGAAAAGGATGGA
COX6C_rbRNA,TGAAAAGGAGAAA
AP2S1_rbRNA,TGAAAAGGAGATA
MAP2K4_rbRNA,TGAAAAGGAGAGA
LIG1_rbRNA,TGAAAAGGAGTAA
BAG3_rbRNA,TGAAAAGGAGTTA
NEK7_rbRNA,TGAAAAGGAGTGA
STIP1_rbRNA,TGAAAAGGAGGAA
SPIN1_rbRNA,TGAAAAGGAGGTA
CASP8AP2_rbRNA,TGAAATAGAAATA
KIDINS220_rbRNA,TGAAATAGAAAGA
CYFIP1_rbRNA,TGAAATAGAATAA
FNIP1_rbRNA,TGAAATAGAATTA
DENND3_rbRNA,TGAAATAGAATGA
TULP3_rbRNA,TGAAATAGAAGAA
SLC35C1_rbRNA,TGAAATAGAAGTA
RNF181_rbRNA,TGAAATAGAAGGA
MGST2_rbRNA,TGAAATAGATAAA
FAF2_rbRNA,TGAAATAGATATA
COL7A1_rbRNA,TGAAATAGATAGA
SYNPO_rbRNA,TGAAATAGATTAA
C7orf31_rbRNA,TGAAATAGATTGA
MPV17L2_rbRNA,TGAAATAGATGAA
DEPDC7_rbRNA,TGAAATAGATGTA
GMPPA_rbRNA,TGAAATAGATGGA
CRIP2_rbRNA,TGAAATAGAGAAA
TAP1_rbRNA,TGAAATAGAGATA
DSEL_rbRNA,TGAAATAGAGAGA
SGTB_rbRNA,TGAAATAGAGTAA
SEPHS1_rbRNA,TGAAATAGAGTTA
XRCC6_rbRNA,TGAAATAGAGTGA
POLA1_rbRNA,TGAAATAGAGGAA
KIF2C_rbRNA,TGAAATAGAGGTA
USP9X_rbRNA,TGAAATTGAAATA
GPR161_rbRNA,TGAAATTGAAAGA
ARHGEF2_rbRNA,TGAAATTGAATAA
RTL8A_rbRNA,TGAAATTGAATTA
ACTR5_rbRNA,TGAAATTGAATGA
PHGDH_rbRNA,TGAAATTGAAGAA
SLC35B1_rbRNA,TGAAATTGAAGTA
MSH2_rbRNA,TGAAATTGAAGGA
TIMP2_rbRNA,TGAAATTGATAAA
UHRF1_rbRNA,TGAAATTGATATA
KLF5_rbRNA,TGAAATTGATAGA
EEF2_rbRNA,TGAAATTGATTAA
KCNK5_rbRNA,TGAAATTGATTGA
TMEM100_rbRNA,TGAAATTGATGAA
UCP2_rbRNA,TGAAATTGATGTA
DNAJB14_rbRNA,TGAAATTGATGGA
JTB_rbRNA,TGAAATTGAGAAA
MMP10_rbRNA,TGAAATTGAGATA
PREB_rbRNA,TGAAATTGAGAGA
CISD2_rbRNA,TGAAATTGAGTAA
NDUFS5_rbRNA,TGAAATTGAGTTA
MDN1_rbRNA,TGAAATTGAGTGA
PDIA4_rbRNA,TGAAATTGAGGAA
MSN_rbRNA,TGAAATTGAGGTA
SLC16A1_rbRNA,TGAAATGGAAATA
BFAR_rbRNA,TGAAATGGAAAGA
BACE2_rbRNA,TGAAATGGAATAA
MTM1_rbRNA,TGAAATGGAATTA
BEX2_rbRNA,TGAAATGGAATGA
B4GALT5_rbRNA,TGAAATGGAAGAA
PARP2_rbRNA,TGAAATGGAAGTA
MKI67_rbRNA,TGAAATGGAAGGA
BCL9L_rbRNA,TGAAATGGATAAA
SERPINH1_rbRNA,TGAAATGGATATA
ADAMTS6_rbRNA,TGAAATGGATAGA
PBXIP1_rbRNA,TGAAATGGATTAA
ARPC2_rbRNA,TGAAATGGATTGA
ARID1B_rbRNA,TGAAATGGATGAA
PODXL_rbRNA,TGAAATGGATGTA
EIF2AK3_rbRNA,TGAAATGGATGGA
DGKE_rbRNA,TGAAATGGAGAAA
SYVN1_rbRNA,TGAAATGGAGATA
SDC3_rbRNA,TGAAATGGAGAGA
PABPC1_rbRNA,TGAAATGGAGTAA
ANXA1_rbRNA,TGAAATGGAGTTA
ATAD3A_rbRNA,TGAAATGGAGTGA
BRCA2_rbRNA,TGAAATGGAGGAA
SLFN5_rbRNA,TGAAATGGAGGTA
PJA1_rbRNA,TGAAAGAGAAATA
ROR2_rbRNA,TGAAAGAGAAAGA
EXT2_rbRNA,TGAAAGAGAATAA
STEAP2_rbRNA,TGAAAGAGAATTA
ZNF616_rbRNA,TGAAAGAGAATGA
DERL2_rbRNA,TGAAAGAGAAGAA
BCL2L11_rbRNA,TGAAAGAGAAGTA
BCKDK_rbRNA,TGAAAGAGAAGGA
SLC35A4_rbRNA,TGAAAGAGATAAA
CCT3_rbRNA,TGAAAGAGATATA
AP2B1_rbRNA,TGAAAGAGATAGA
TCF3_rbRNA,TGAAAGAGATTAA
FTSJ3_rbRNA,TGAAAGAGATTGA
GPR180_rbRNA,TGAAAGAGATGAA
NPC1_rbRNA,TGAAAGAGATGTA
PDPR_rbRNA,TGAAAGAGATGGA
TMEM214_rbRNA,TGAAAGAGAGAAA
LIMA1_rbRNA,TGAAAGAGAGATA
TGOLN2_rbRNA,TGAAAGAGAGAGA
YWHAG_rbRNA,TGAAAGAGAGTAA
CHST14_rbRNA,TGAAAGAGAGTTA
GINS2_rbRNA,TGAAAGAGAGTGA
TMEM97_rbRNA,TGAAAGAGAGGAA
PGGT1B_rbRNA,TGAAAGAGAGGTA
NEK10_rbRNA,TGAAAGTGAAATA
PRKX_rbRNA,TGAAAGTGAAAGA
TIMM44_rbRNA,TGAAAGTGAATAA
SLC35E1_rbRNA,TGAAAGTGAATTA
PLEC_rbRNA,TGAAAGTGAATGA
EIF2AK4_rbRNA,TGAAAGTGAAGAA
FOXRED2_rbRNA,TGAAAGTGAAGTA
AP4B1_rbRNA,TGAAAGTGAAGGA
LPCAT4_rbRNA,TGAAAGTGATAAA
NME4_rbRNA,TGAAAGTGATATA
MARCKSL1_rbRNA,TGAAAGTGATAGA
MAGED2_rbRNA,TGAAAGTGATTAA
TRMT112_rbRNA,TGAAAGTGATTGA
SREBF1_rbRNA,TGAAAGTGATGAA
MCM6_rbRNA,TGAAAGTGATGTA
DHDDS_rbRNA,TGAAAGTGATGGA
LIFR_rbRNA,TGAAAGTGAGAAA
NFKBIA_rbRNA,TGAAAGTGAGATA
PPP1R12A_rbRNA,TGAAAGTGAGAGA
TMEM147_rbRNA,TGAAAGTGAGTAA
MTPN_rbRNA,TGAAAGTGAGTTA
VCL_rbRNA,TGAAAGTGAGTGA
RAN_rbRNA,TGAAAGTGAGGAA
CBX5_rbRNA,TGAAAGTGAGGTA
KTN1_rbRNA,TGAAAGGGAAATA
RNF145_rbRNA,TGAAAGGGAAAGA
LARP1_rbRNA,TGAAAGGGAATAA
DPM1_rbRNA,TGAAAGGGAATTA
PXDN_rbRNA,TGAAAGGGAATGA
AKAP9_rbRNA,TGAAAGGGAAGAA
TRAIP_rbRNA,TGAAAGGGAAGTA
GRIPAP1_rbRNA,TGAAAGGGAAGGA
PSMB6_rbRNA,TGAAAGGGATAAA
CCT8_rbRNA,TGAAAGGGATATA
G2E3_rbRNA,TGAAAGGGATAGA
RPTOR_rbRNA,TGAAAGGGATTAA
BAZ1A_rbRNA,TGAAAGGGATTGA
EIF4G2_rbRNA,TGAAAGGGATGAA
SPAG5_rbRNA,TGAAAGGGATGTA
MTOR_rbRNA,TGAAAGGGATGGA
ZNF48_rbRNA,TGAAAGGGAGAAA
PDCD5_rbRNA,TGAAAGGGAGATA
TRAPPC1_rbRNA,TGAAAGGGAGAGA
ZBTB5_rbRNA,TGAAAGGGAGTAA
IARS2_rbRNA,TGAAAGGGAGTTA
ATF4_rbRNA,TGAAAGGGAGTGA
HIF1A_rbRNA,TGAAAGGGAGGAA
MCUB_rbRNA,TGAAAGGGAGGTA
PXK_rbRNA,TGAATAAGAAATA
EAF1_rbRNA,TGAATAAGAAAGA
TTC17_rbRNA,TGAATAAGAATAA
RABGGTB_rbRNA,TGAATAAGAATTA
RRBP1_rbRNA,TGAATAAGAATGA
CCNI_rbRNA,TGAATAAGAAGAA
MSX2_rbRNA,TGAATAAGAAGTA
SLC12A6_rbRNA,TGAATAAGAAGGA
ZFAND2A_rbRNA,TGAATAAGATAAA
BBS10_rbRNA,TGAATAAGATATA
NOB1_rbRNA,TGAATAAGATAGA
PSMA7_rbRNA,TGAATAAGATTAA
RPL11_rbRNA,TGAATAAGATTGA
EXO1_rbRNA,TGAATAAGATGAA
NOL6_rbRNA,TGAATAAGATGTA
TSPAN3_rbRNA,TGAATAAGATGGA
MYL9_rbRNA,TGAATAAGAGAAA
MID1_rbRNA,TGAATAAGAGATA
CREB3_rbRNA,TGAATAAGAGAGA
ST3GAL5_rbRNA,TGAATAAGAGTAA
PLPP5_rbRNA,TGAATAAGAGTTA
SNRPB_rbRNA,TGAATAAGAGTGA
ATAD2_rbRNA,TGAATAAGAGGAA
NFE2L1_rbRNA,TGAATAAGAGGTA
MYO10_rbRNA,TGAATATGAAATA
ETS2_rbRNA,TGAATATGAAAGA
DNAJB1_rbRNA,TGAATATGAATAA
LAMTOR1_rbRNA,TGAATATGAATTA
PCK2_rbRNA,TGAATATGAATGA
TMTC4_rbRNA,TGAATATGAAGAA
DCLRE1C_rbRNA,TGAATATGAAGTA
TNKS1BP1_rbRNA,TGAATATGAAGGA
CASD1_rbRNA,TGAATATGATAAA
IK_rbRNA,TGAATATGATATA
TMEM19_rbRNA,TGAATATGATAGA
ELMOD2_rbRNA,TGAATATGATTAA
SH3RF1_rbRNA,TGAATATGATTGA
SEC13_rbRNA,TGAATATGATGAA
SELENOS_rbRNA,TGAATATGATGTA
NAA40_rbRNA,TGAATATGATGGA
FAT1_rbRNA,TGAATATGAGAAA
BTN3A2_rbRNA,TGAATATGAGATA
SLC39A10_rbRNA,TGAATATGAGAGA
GBP1_rbRNA,TGAATATGAGTAA
AAK1_rbRNA,TGAATATGAGTTA
GCC1_rbRNA,TGAATATGAGTGA
TACC1_rbRNA,TGAATATGAGGAA
TEAD2_rbRNA,TGAATATGAGGTA
RTCB_rbRNA,TGAATAGGAAATA
DNAJC1_rbRNA,TGAATAGGAAAGA
SPTAN1_rbRNA,TGAATAGGAATAA
FZR1_rbRNA,TGAATAGGAATTA
JUNB_rbRNA,TGAATAGGAATGA
HOXB6_rbRNA,TGAATAGGAAGAA
DDX49_rbRNA,TGAATAGGAAGTA
POLR3C_rbRNA,TGAATAGGAAGGA
CCT5_rbRNA,TGAATAGGATAAA
SEC61G_rbRNA,TGAATAGGATATA
ADCY3_rbRNA,TGAATAGGATAGA
CEBPD_rbRNA,TGAATAGGATTAA
CNOT4_rbRNA,TGAATAGGATTGA
BET1L_rbRNA,TGAATAGGATGAA
MACF1_rbRNA,TGAATAGGATGTA
PFDN2_rbRNA,TGAATAGGATGGA
EXD2_rbRNA,TGAATAGGAGAAA
AMOTL2_rbRNA,TGAATAGGAGATA
JUN_rbRNA,TGAATAGGAGAGA
FZD1_rbRNA,TGAATAGGAGTAA
HEBP2_rbRNA,TGAATAGGAGTTA
HSPA9_rbRNA,TGAATAGGAGTGA
DENR_rbRNA,TGAATAGGAGGAA
CDC25C_rbRNA,TGAATAGGAGGTA
DYNC1H1_rbRNA,TGAATTAGAAATA
IRS2_rbRNA,TGAATTAGAAAGA
IBTK_rbRNA,TGAATTAGAATAA
TPRA1_rbRNA,TGAATTAGAATTA
MYO5B_rbRNA,TGAATTAGAATGA
EWSR1_rbRNA,TGAATTAGAAGAA
CMTM3_rbRNA,TGAATTAGAAGTA
RFC2_rbRNA,TGAATTAGAAGGA
MGA_rbRNA,TGAATTAGATAAA
DELE1_rbRNA,TGAATTAGATATA
SCRIB_rbRNA,TGAATTAGATAGA
LNP1_rbRNA,TGAATTAGATTAA
SHCBP1_rbRNA,TGAATTAGATTGA
LSG1_rbRNA,TGAATTAGATGAA
XBP1_rbRNA,TGAATTAGATGTA
EID1_rbRNA,TGAATTAGATGGA
HTATIP2_rbRNA,TGAATTAGAGAAA
E2F7_rbRNA,TGAATTAGAGATA
SFXN1_rbRNA,TGAATTAGAGAGA
AGFG1_rbRNA,TGAATTAGAGTAA
CCT2_rbRNA,TGAATTAGAGTTA
CENPA_rbRNA,TGAATTAGAGTGA
ICAM1_rbRNA,TGAATTAGAGGAA
RECK_rbRNA,TGAATTAGAGGTA
SKI_rbRNA,TGAATTTGAAATA
EXOSC1_rbRNA,TGAATTTGAAAGA
BRIP1_rbRNA,TGAATTTGAATAA
UNG_rbRNA,TGAATTTGAATTA
TMEM184B_rbRNA,TGAATTTGAATGA
MAPK3_rbRNA,TGAATTTGAAGAA
ITPRIP_rbRNA,TGAATTTGAAGTA
SIVA1_rbRNA,TGAATTTGAAGGA
MYO1B_rbRNA,TGAATTTGATAAA
SRM_rbRNA,TGAATTTGATATA
NCAPG_rbRNA,TGAATTTGATAGA
CEP120_rbRNA,TGAATTTGATTAA
ATRAID_rbRNA,TGAATTTGATTGA
POLD3_rbRNA,TGAATTTGATGAA
NCAPD2_rbRNA,TGAATTTGATGTA
DDIT3_rbRNA,TGAATTTGATGGA
FAXC_rbRNA,TGAATTTGAGAAA
CDT1_rbRNA,TGAATTTGAGATA
SIDT2_rbRNA,TGAATTTGAGAGA
LONP1_rbRNA,TGAATTTGAGTAA
TUSC3_rbRNA,TGAATTTGAGTTA
CDCA8_rbRNA,TGAATTTGAGTGA
SMC4_rbRNA,TGAATTTGAGGAA
AHNAK_rbRNA,TGAATTTGAGGTA
SF3B3_rbRNA,TGAATTGGAAATA
PIGA_rbRNA,TGAATTGGAAAGA
NCS1_rbRNA,TGAATTGGAATAA
CBX6_rbRNA,TGAATTGGAATTA
SERP1_rbRNA,TGAATTGGAATGA
RAP1A_rbRNA,TGAATTGGAAGAA
PSMB5_rbRNA,TGAATTGGAAGTA
ENO1_rbRNA,TGAATTGGAAGGA
NASP_rbRNA,TGAATTGGATAAA
CLTC_rbRNA,TGAATTGGATATA
RRM1_rbRNA,TGAATTGGATAGA
DTL_rbRNA,TGAATTGGATTAA
GHDC_rbRNA,TGAATTGGATTGA
MCEE_rbRNA,TGAATTGGATGAA
CHD7_rbRNA,TGAATTGGATGTA
VPS13A_rbRNA,TGAATTGGATGGA
NANS_rbRNA,TGAATTGGAGAAA
CCNE2_rbRNA,TGAATTGGAGATA
PPM1G_rbRNA,TGAATTGGAGAGA
SCARA3_rbRNA,TGAATTGGAGTAA
NDC80_rbRNA,TGAATTGGAGTTA
TIPRL_rbRNA,TGAATTGGAGTGA
PLEKHH1_rbRNA,TGAATTGGAGGAA
TSC22D3_rbRNA,TGAATTGGAGGTA
HERPUD1_rbRNA,TGAATGAGAAATA
DDB1_rbRNA,TGAATGAGAAAGA
EIF3H_rbRNA,TGAATGAGAATAA
GTSE1_rbRNA,TGAATGAGAATTA
FEN1_rbRNA,TGAATGAGAATGA
ATP11A_rbRNA,TGAATGAGAAGAA
ETF1_rbRNA,TGAATGAGAAGTA
DSCC1_rbRNA,TGAATGAGAAGGA
ALDH5A1_rbRNA,TGAATGAGATAAA
ATF5_rbRNA,TGAATGAGATATA
NXPE3_rbRNA,TGAATGAGATAGA
NUCB2_rbRNA,TGAATGAGATTAA
GNB1_rbRNA,TGAATGAGATTGA
SIPA1L1_rbRNA,TGAATGAGATGAA
CDK1_rbRNA,TGAATGAGATGTA
PRR5_rbRNA,TGAATGAGATGGA
VAPB_rbRNA,TGAATGAGAGAAA
PSMA4_rbRNA,TGAATGAGAGATA
EIF2S1_rbRNA,TGAATGAGAGAGA
RRAGD_rbRNA,TGAATGAGAGTAA
PRRC1_rbRNA,TGAATGAGAGTTA
ACTG1_rbRNA,TGAATGAGAGTGA
CDC45_rbRNA,TGAATGAGAGGAA
ANLN_rbRNA,TGAATGAGAGGTA
ATP2B4_rbRNA,TGAATGTGAAATA
DEDD2_rbRNA,TGAATGTGAAAGA
FZD7_rbRNA,TGAATGTGAATAA
GPT2_rbRNA,TGAATGTGAATTA
DRAM1_rbRNA,TGAATGTGAATGA
MRPL20_rbRNA,TGAATGTGAAGAA
MYC_rbRNA,TGAATGTGAAGTA
LYPLA1_rbRNA,TGAATGTGAAGGA
UGT8_rbRNA,TGAATGTGATAAA
CCDC9_rbRNA,TGAATGTGATATA
SLC7A11_rbRNA,TGAATGTGATAGA
ARFGAP3_rbRNA,TGAATGTGATTAA
ANP32E_rbRNA,TGAATGTGATTGA
KLHL13_rbRNA,TGAATGTGATGAA
PSEN1_rbRNA,TGAATGTGATGTA
FAM83D_rbRNA,TGAATGTGATGGA
GLRX2_rbRNA,TGAATGTGAGAAA
SCAP_rbRNA,TGAATGTGAGATA
AURKA_rbRNA,TGAATGTGAGAGA
TMPO_rbRNA,TGAATGTGAGTAA
CDCA7_rbRNA,TGAATGTGAGTTA
GSN_rbRNA,TGAATGTGAGTGA
CREBZF_rbRNA,TGAATGTGAGGAA
SYAP1_rbRNA,TGAATGTGAGGTA
ADGRL2_rbRNA,TGAATGGGAAATA
MIS12_rbRNA,TGAATGGGAAAGA
CCT4_rbRNA,TGAATGGGAATAA
MID1IP1_rbRNA,TGAATGGGAATTA
USP27X_rbRNA,TGAATGGGAATGA
ZNF711_rbRNA,TGAATGGGAAGAA
PCMT1_rbRNA,TGAATGGGAAGTA
GOT1_rbRNA,TGAATGGGAAGGA
EZR_rbRNA,TGAATGGGATAAA
TIPIN_rbRNA,TGAATGGGATATA
WDR76_rbRNA,TGAATGGGATAGA
ZNF79_rbRNA,TGAATGGGATTAA
ARHGAP5_rbRNA,TGAATGGGATTGA
NRBF2_rbRNA,TGAATGGGATGAA
HSPA8_rbRNA,TGAATGGGATGTA
CACNA1D_rbRNA,TGAATGGGATGGA
DAG1_rbRNA,TGAATGGGAGAAA
EIF2AK1_rbRNA,TGAATGGGAGATA
AKT1_rbRNA,TGAATGGGAGAGA
MON1B_rbRNA,TGAATGGGAGTAA
SLC5A3_rbRNA,TGAATGGGAGTTA
KLHL42_rbRNA,TGAATGGGAGTGA
SELENOK_rbRNA,TGAATGGGAGGAA
TFDP1_rbRNA,TGAATGGGAGGTA
BET1_rbRNA,TGAAGAAGAAATA
AKAP12_rbRNA,TGAAGAAGAAAGA
PMAIP1_rbRNA,TGAAGAAGAATAA
E2F8_rbRNA,TGAAGAAGAATTA
SLBP_rbRNA,TGAAGAAGAATGA
MTDH_rbRNA,TGAAGAAGAAGAA
DUSP1_rbRNA,TGAAGAAGAAGTA
WFS1_rbRNA,TGAAGAAGAAGGA
ZNF773_rbRNA,TGAAGAAGATAAA
CDK2AP2_rbRNA,TGAAGAAGATATA
ATP13A3_rbRNA,TGAAGAAGATAGA
PSMB3_rbRNA,TGAAGAAGATTAA
CDC20_rbRNA,TGAAGAAGATTGA
HUWE1_rbRNA,TGAAGAAGATGAA
PRRC2A_rbRNA,TGAAGAAGATGTA
SDF2L1_rbRNA,TGAAGAAGATGGA
PNP_rbRNA,TGAAGAAGAGAAA
SLC7A1_rbRNA,TGAAGAAGAGATA
ZNF70_rbRNA,TGAAGAAGAGAGA
CDC42BPA_rbRNA,TGAAGAAGAGTAA
RPS11_rbRNA,TGAAGAAGAGTTA
RPL37_rbRNA,TGAAGAAGAGTGA
FAM107B_rbRNA,TGAAGAAGAGGAA
ATF3_rbRNA,TGAAGAAGAGGTA
RNF215_rbRNA,TGAAGATGAAATA
BNIP1_rbRNA,TGAAGATGAAAGA
SLC3A2_rbRNA,TGAAGATGAATAA
PRIM1_rbRNA,TGAAGATGAATTA
TRIM25_rbRNA,TGAAGATGAATGA
UTRN_rbRNA,TGAAGATGAAGAA
DDR1_rbRNA,TGAAGATGAAGTA
PCBP2_rbRNA,TGAAGATGAAGGA
MAP3K20_rbRNA,TGAAGATGATAAA
PCDH7_rbRNA,TGAAGATGATATA
MBD1_rbRNA,TGAAGATGATAGA
SORBS3_rbRNA,TGAAGATGATTAA
MTMR4_rbRNA,TGAAGATGATTGA
HOXB9_rbRNA,TGAAGATGATGAA
GSTK1_rbRNA,TGAAGATGATGTA
HYOU1_rbRNA,TGAAGATGATGGA
SF3B2_rbRNA,TGAAGATGAGAAA
PSMB4_rbRNA,TGAAGATGAGATA
RRM2_rbRNA,TGAAGATGAGAGA
FANCI_rbRNA,TGAAGATGAGTAA
LAMTOR4_rbRNA,TGAAGATGAGTTA
MTMR14_rbRNA,TGAAGATGAGTGA
ZNF511_rbRNA,TGAAGATGAGGAA
PIK3R4_rbRNA,TGAAGATGAGGTA
EXOSC9_rbRNA,TGAAGAGGAAATA
KIF11_rbRNA,TGAAGAGGAAAGA
IGF2BP2_rbRNA,TGAAGAGGAATAA
MAFB_rbRNA,TGAAGAGGAATTA
ISOC2_rbRNA,TGAAGAGGAATGA
QARS1_rbRNA,TGAAGAGGAAGAA
HK1_rbRNA,TGAAGAGGAAGTA
MDH1_rbRNA,TGAAGAGGAAGGA
IQGAP1_rbRNA,TGAAGAGGATAAA
P3H4_rbRNA,TGAAGAGGATATA
UBE2J1_rbRNA,TGAAGAGGATAGA
HMGCS1_rbRNA,TGAAGAGGATTAA
HNRNPF_rbRNA,TGAAGAGGATTGA
CARD11_rbRNA,TGAAGAGGATGAA
DGAT2_rbRNA,TGAAGAGGATGTA
TP53INP1_rbRNA,TGAAGAGGATGGA
FKBP14_rbRNA,TGAAGAGGAGAAA
GMPPB_rbRNA,TGAAGAGGAGATA
STX5_rbRNA,TGAAGAGGAGAGA
EPDR1_rbRNA,TGAAGAGGAGTAA
STARD4_rbRNA,TGAAGAGGAGTTA
NFIL3_rbRNA,TGAAGAGGAGTGA
ZNF330_rbRNA,TGAAGAGGAGGAA
KIAA1549_rbRNA,TGAAGAGGAGGTA
QPRT_rbRNA,TGAAGTAGAAATA
CREB1_rbRNA,TGAAGTAGAAAGA
LPGAT1_rbRNA,TGAAGTAGAATAA
ZBTB18_rbRNA,TGAAGTAGAATTA
EHBP1L1_rbRNA,TGAAGTAGAATGA
TSPAN14_rbRNA,TGAAGTAGAAGAA
TPX2_rbRNA,TGAAGTAGAAGTA
SSR2_rbRNA,TGAAGTAGAAGGA
PRPF8_rbRNA,TGAAGTAGATAAA
FZD6_rbRNA,TGAAGTAGATATA
FOS_rbRNA,TGAAGTAGATAGA
GALNT11_rbRNA,TGAAGTAGATTAA
POLR2A_rbRNA,TGAAGTAGATTGA
IQSEC1_rbRNA,TGAAGTAGATGAA
SLC38A2_rbRNA,TGAAGTAGATGTA
ACTA2_rbRNA,TGAAGTAGATGGA
ICMT_rbRNA,TGAAGTAGAGAAA
FOSL1_rbRNA,TGAAGTAGAGATA
GORAB_rbRNA,TGAAGTAGAGAGA
VEGFA_rbRNA,TGAAGTAGAGTAA
DNAJB11_rbRNA,TGAAGTAGAGTTA
SLPI_rbRNA,TGAAGTAGAGTGA
FSTL1_rbRNA,TGAAGTAGAGGAA
TACC3_rbRNA,TGAAGTAGAGGTA
DHFR2_rbRNA,TGAAGTTGAAATA
CAMLG_rbRNA,TGAAGTTGAAAGA
GRK2_rbRNA,TGAAGTTGAATAA
SP1_rbRNA,TGAAGTTGAATTA
SH3KBP1_rbRNA,TGAAGTTGAATGA
GORASP2_rbRNA,TGAAGTTGAAGAA
NOP56_rbRNA,TGAAGTTGAAGTA
AURKB_rbRNA,TGAAGTTGAAGGA
DHX9_rbRNA,TGAAGTTGATAAA
SRRD_rbRNA,TGAAGTTGATATA
UBE2C_rbRNA,TGAAGTTGATAGA
ARIH1_rbRNA,TGAAGTTGATTAA
NFE2_rbRNA,TGAAGTTGATTGA
PRR5L_rbRNA,TGAAGTTGATGAA
SENP1_rbRNA,TGAAGTTGATGTA
POU2F1_rbRNA,TGAAGTTGATGGA
UIMC1_rbRNA,TGAAGTTGAGAAA
CNTNAP1_rbRNA,TGAAGTTGAGATA
DNAJC3_rbRNA,TGAAGTTGAGAGA
EIF5_rbRNA,TGAAGTTGAGTAA
SAR1B_rbRNA,TGAAGTTGAGTTA
KDM4A_rbRNA,TGAAGTTGAGTGA
TMED9_rbRNA,TGAAGTTGAGGAA
CCT7_rbRNA,TGAAGTTGAGGTA
PRDX1_rbRNA,TGAAGTGGAAATA
ESYT1_rbRNA,TGAAGTGGAAAGA
YBX3_rbRNA,TGAAGTGGAATAA
CEBPB_rbRNA,TGAAGTGGAATTA
CCNB2_rbRNA,TGAAGTGGAATGA
DISC1_rbRNA,TGAAGTGGAAGAA
MXD1_rbRNA,TGAAGTGGAAGTA
C1RL_rbRNA,TGAAGTGGAAGGA
CD83_rbRNA,TGAAGTGGATAAA
FUCA1_rbRNA,TGAAGTGGATATA
GFPT1_rbRNA,TGAAGTGGATAGA
RPL4_rbRNA,TGAAGTGGATTAA
QSOX2_rbRNA,TGAAGTGGATTGA
CCND1_rbRNA,TGAAGTGGATGAA
AVPI1_rbRNA,TGAAGTGGATGTA
MKNK2_rbRNA,TGAAGTGGATGGA
AHNAK2_rbRNA,TGAAGTGGAGAAA
TFG_rbRNA,TGAAGTGGAGATA
STMN1_rbRNA,TGAAGTGGAGAGA
SOD1_rbRNA,TGAAGTGGAGTAA
RANGAP1_rbRNA,TGAAGTGGAGTTA
MET_rbRNA,TGAAGTGGAGTGA
GLT8D1_rbRNA,TGAAGTGGAGGAA
NPDC1_rbRNA,TGAAGTGGAGGTA
SKP2_rbRNA,TGAAGGAGAAATA
FKBP7_rbRNA,TGAAGGAGAAAGA
GADD45A_rbRNA,TGAAGGAGAATAA
TXNDC15_rbRNA,TGAAGGAGAATTA
PRSS23_rbRNA,TGAAGGAGAATGA
LCA5_rbRNA,TGAAGGAGAAGAA
TUBE1_rbRNA,TGAAGGAGAAGTA
GOLPH3L_rbRNA,TGAAGGAGAAGGA
ENPP4_rbRNA,TGAAGGAGATAAA
LZTFL1_rbRNA,TGAAGGAGATATA
AKAP11_rbRNA,TGAAGGAGATAGA
HES1_rbRNA,TGAAGGAGATTAA
VCP_rbRNA,TGAAGGAGATTGA
CCNY_rbRNA,TGAAGGAGATGAA
COTL1_rbRNA,TGAAGGAGATGTA
ITGA5_rbRNA,TGAAGGAGATGGA
FBXO5_rbRNA,TGAAGGAGAGAAA
TMED2_rbRNA,TGAAGGAGAGATA
OMA1_rbRNA,TGAAGGAGAGAGA
CRISPLD1_rbRNA,TGAAGGAGAGTAA
PXYLP1_rbRNA,TGAAGGAGAGTTA
PPT2_rbRNA,TGAAGGAGAGTGA
PSMB2_rbRNA,TGAAGGAGAGGAA
MANF_rbRNA,TGAAGGAGAGGTA
SMC3_rbRNA,TGAAGGTGAAATA
GEN1_rbRNA,TGAAGGTGAAAGA
EIF4EBP2_rbRNA,TGAAGGTGAATAA
INPP5E_rbRNA,TGAAGGTGAATTA
PSPH_rbRNA,TGAAGGTGAATGA
EGR1_rbRNA,TGAAGGTGAAGAA
PCNA_rbRNA,TGAAGGTGAAGTA
BMPR1B_rbRNA,TGAAGGTGAAGGA
SEMA4B_rbRNA,TGAAGGTGATAAA
EPB41L4B_rbRNA,TGAAGGTGATATA
MARVELD1_rbRNA,TGAAGGTGATAGA
MPG_rbRNA,TGAAGGTGATTAA
GTF3C1_rbRNA,TGAAGGTGATTGA
MDFI_rbRNA,TGAAGGTGATGAA
USP4_rbRNA,TGAAGGTGATGTA
SLC31A1_rbRNA,TGAAGGTGATGGA
OSBP_rbRNA,TGAAGGTGAGAAA
RAD51AP1_rbRNA,TGAAGGTGAGATA
NSMCE3_rbRNA,TGAAGGTGAGAGA
SIAH2_rbRNA,TGAAGGTGAGTAA
IDI1_rbRNA,TGAAGGTGAGTTA
MMUT_rbRNA,TGAAGGTGAGTGA
SRP68_rbRNA,TGAAGGTGAGGAA
KHDRBS1_rbRNA,TGAAGGTGAGGTA
GHITM_rbRNA,TGAAGGGGAAATA
MYRF_rbRNA,TGAAGGGGAAAGA
BRI3BP_rbRNA,TGAAGGGGAATAA
LARP1B_rbRNA,TGAAGGGGAATTA
CPEB4_rbRNA,TGAAGGGGAATGA
DDX56_rbRNA,TGAAGGGGAAGAA
IGSF8_rbRNA,TGAAGGGGAAGTA
ENDOD1_rbRNA,TGAAGGGGAAGGA
SLC26A2_rbRNA,TGAAGGGGATAAA
PSAT1_rbRNA,TGAAGGGGATATA
SEPHS2_rbRNA,TGAAGGGGATAGA
PPP1R15B_rbRNA,TGAAGGGGATTAA
ORC5_rbRNA,TGAAGGGGATTGA
FLNC_rbRNA,TGAAGGGGATGAA
XRCC5_rbRNA,TGAAGGGGATGTA
EIF4G1_rbRNA,TGAAGGGGATGGA
TOR1B_rbRNA,TGAAGGGGAGAAA
NOTCH2_rbRNA,TGAAGGGGAGATA
NUP155_rbRNA,TGAAGGGGAGAGA
LAMTOR5_rbRNA,TGAAGGGGAGTAA
UGDH_rbRNA,TGAAGGGGAGTTA
RAB4A_rbRNA,TGAAGGGGAGTGA
VPS13C_rbRNA,TGAAGGGGAGGAA
RGS4_rbRNA,TGAAGGGGAGGTA
FNDC3B_rbRNA,TGATAAAGAAATA
DNAJB5_rbRNA,TGATAAAGAAAGA
BLM_rbRNA,TGATAAAGAATAA
GFM1_rbRNA,TGATAAAGAATTA
IGF1R_rbRNA,TGATAAAGAATGA
TRAK1_rbRNA,TGATAAAGAAGAA
BIRC5_rbRNA,TGATAAAGAAGTA
MAPKAP1_rbRNA,TGATAAAGAAGGA
BLOC1S3_rbRNA,TGATAAAGATAAA
GLRB_rbRNA,TGATAAAGATATA
GLIPR1_rbRNA,TGATAAAGATAGA
PPP1R15A_rbRNA,TGATAAAGATTAA
MDH2_rbRNA,TGATAAAGATTGA
NBDY_rbRNA,TGATAAAGATGAA
HNRNPA2B1_rbRNA,TGATAAAGATGTA
MAZ_rbRNA,TGATAAAGATGGA
MSTO1_rbRNA,TGATAAAGAGAAA
PKM_rbRNA,TGATAAAGAGATA
HJURP_rbRNA,TGATAAAGAGAGA
PINK1_rbRNA,TGATAAAGAGTAA
WDR44_rbRNA,TGATAAAGAGTTA
PHLDB1_rbRNA,TGATAAAGAGTGA
LFNG_rbRNA,TGATAAAGAGGAA
ATG13_rbRNA,TGATAAAGAGGTA
SNRPA_rbRNA,TGATAATGAAATA
TMEM205_rbRNA,TGATAATGAAAGA
ALG2_rbRNA,TGATAATGAATAA
CHAF1B_rbRNA,TGATAATGAATTA
PSRC1_rbRNA,TGATAATGAATGA
GCN1_rbRNA,TGATAATGAAGAA
GDF11_rbRNA,TGATAATGAAGTA
PNPLA8_rbRNA,TGATAATGAAGGA
GTPBP2_rbRNA,TGATAATGATAAA
SSR1_rbRNA,TGATAATGATATA
PLXNB2_rbRNA,TGATAATGATAGA
MSH6_rbRNA,TGATAATGATTAA
IMPACT_rbRNA,TGATAATGATTGA
RPS6KB2_rbRNA,TGATAATGATGAA
LAMA5_rbRNA,TGATAATGATGTA
FICD_rbRNA,TGATAATGATGGA
SSBP4_rbRNA,TGATAATGAGAAA
ALG11_rbRNA,TGATAATGAGATA
RETREG3_rbRNA,TGATAATGAGAGA
MCAM_rbRNA,TGATAATGAGTAA
ATG101_rbRNA,TGATAATGAGTTA
PANX1_rbRNA,TGATAATGAGTGA
CKAP2_rbRNA,TGATAATGAGGAA
CCNT1_rbRNA,TGATAATGAGGTA
HGSNAT_rbRNA,TGATAAGGAAATA
SH3RF3_rbRNA,TGATAAGGAAAGA
SLC35D1_rbRNA,TGATAAGGAATAA
CDKN1B_rbRNA,TGATAAGGAATTA
LUC7L_rbRNA,TGATAAGGAATGA
GALNT2_rbRNA,TGATAAGGAAGAA
GMNN_rbRNA,TGATAAGGAAGTA
LIPA_rbRNA,TGATAAGGAAGGA
LIN54_rbRNA,TGATAAGGATAAA
RAP2A_rbRNA,TGATAAGGATATA
EDEM1_rbRNA,TGATAAGGATAGA
TTK_rbRNA,TGATAAGGATTAA
SLC16A5_rbRNA,TGATAAGGATTGA
ANKLE2_rbRNA,TGATAAGGATGAA
CPS1_rbRNA,TGATAAGGATGTA
KIF23_rbRNA,TGATAAGGATGGA
CEBPA_rbRNA,TGATAAGGAGAAA
NPRL3_rbRNA,TGATAAGGAGATA
S1PR5_rbRNA,TGATAAGGAGAGA
KCTD5_rbRNA,TGATAAGGAGTAA
ATL2_rbRNA,TGATAAGGAGTTA
RSL1D1_rbRNA,TGATAAGGAGTGA
EPRS1_rbRNA,TGATAAGGAGGAA
LBR_rbRNA,TGATAAGGAGGTA
TNFRSF10B_rbRNA,TGATATAGAAATA
CAMTA2_rbRNA,TGATATAGAAAGA
TUFT1_rbRNA,TGATATAGAATAA
RPL28_rbRNA,TGATATAGAATTA
TUBB4B_rbRNA,TGATATAGAATGA
TFRC_rbRNA,TGATATAGAAGAA
DDX3X_rbRNA,TGATATAGAAGTA
MBOAT2_rbRNA,TGATATAGAAGGA
FAM53C_rbRNA,TGATATAGATAAA
RABL6_rbRNA,TGATATAGATATA
RHBDF1_rbRNA,TGATATAGATAGA
PHB1_rbRNA,TGATATAGATTAA
CMTM6_rbRNA,TGATATAGATTGA
HSP90B1_rbRNA,TGATATAGATGAA
ANXA5_rbRNA,TGATATAGATGTA
UBL4A_rbRNA,TGATATAGATGGA
TMEM223_rbRNA,TGATATAGAGAAA
LGALS3BP_rbRNA,TGATATAGAGATA
CLU_rbRNA,TGATATAGAGAGA
CKAP5_rbRNA,TGATATAGAGTAA
SFRP1_rbRNA,TGATATAGAGTTA
TUBA1A_rbRNA,TGATATAGAGTGA
GLG1_rbRNA,TGATATAGAGGAA
TGIF1_rbRNA,TGATATAGAGGTA
LARP6_rbRNA,TGATATTGAAATA
MEGF8_rbRNA,TGATATTGAAAGA
HIVEP3_rbRNA,TGATATTGAATAA
VSIG10_rbRNA,TGATATTGAATTA
DUS1L_rbRNA,TGATATTGAATGA
SIRPA_rbRNA,TGATATTGAAGAA
RARS1_rbRNA,TGATATTGAAGTA
CTCF_rbRNA,TGATATTGAAGGA
KIF20B_rbRNA,TGATATTGATAAA
TTI1_rbRNA,TGATATTGATATA
ZNF831_rbRNA,TGATATTGATAGA
CENPF_rbRNA,TGATATTGATTAA
LYSMD3_rbRNA,TGATATTGATTGA
CRELD2_rbRNA,TGATATTGATGAA
PTPRF_rbRNA,TGATATTGATGTA
BUB3_rbRNA,TGATATTGATGGA
S100A16_rbRNA,TGATATTGAGAAA
ABHD15_rbRNA,TGATATTGAGATA
ZCCHC24_rbRNA,TGATATTGAGAGA
INTS12_rbRNA,TGATATTGAGTAA
EIF3L_rbRNA,TGATATTGAGTTA
MATN2_rbRNA,TGATATTGAGTGA
CHST2_rbRNA,TGATATTGAGGAA
PCDHB5_rbRNA,TGATATTGAGGTA
UFL1_rbRNA,TGATATGGAAATA
STX16_rbRNA,TGATATGGAAAGA
SEC11C_rbRNA,TGATATGGAATAA
ZNF622_rbRNA,TGATATGGAATTA
RBM25_rbRNA,TGATATGGAATGA
TPR_rbRNA,TGATATGGAAGAA
GGH_rbRNA,TGATATGGAAGTA
HSP90AB1_rbRNA,TGATATGGAAGGA
LGR4_rbRNA,TGATATGGATAAA
MCM2_rbRNA,TGATATGGATATA
SAMD4B_rbRNA,TGATATGGATAGA
SGCB_rbRNA,TGATATGGATTAA
SESN2_rbRNA,TGATATGGATTGA
HNRNPK_rbRNA,TGATATGGATGAA
ADCY9_rbRNA,TGATATGGATGTA
PCYOX1_rbRNA,TGATATGGATGGA
SND1_rbRNA,TGATATGGAGAAA
FLNB_rbRNA,TGATATGGAGATA
FBXW5_rbRNA,TGATATGGAGAGA
RPS23_rbRNA,TGATATGGAGTAA
CENPO_rbRNA,TGATATGGAGTTA
CTNNA1_rbRNA,TGATATGGAGTGA
NUF2_rbRNA,TGATATGGAGGAA
NFE2L2_rbRNA,TGATATGGAGGTA
LAMTOR2_rbRNA,TGATAGAGAAATA
CELSR2_rbRNA,TGATAGAGAAAGA
VPS13D_rbRNA,TGATAGAGAATAA
RTL8C_rbRNA,TGATAGAGAATTA
IL13RA1_rbRNA,TGATAGAGAATGA
GAS2L3_rbRNA,TGATAGAGAAGAA
NEK2_rbRNA,TGATAGAGAAGTA
CSTB_rbRNA,TGATAGAGAAGGA
LARS2_rbRNA,TGATAGAGATAAA
PIEZO1_rbRNA,TGATAGAGATATA
SEC31A_rbRNA,TGATAGAGATAGA
CPD_rbRNA,TGATAGAGATTAA
NDUFS3_rbRNA,TGATAGAGATTGA
MAPK8IP1_rbRNA,TGATAGAGATGAA
AP3D1_rbRNA,TGATAGAGATGTA
IGFBP5_rbRNA,TGATAGAGATGGA
CDR2_rbRNA,TGATAGAGAGAAA
SPRYD3_rbRNA,TGATAGAGAGATA
PYCR1_rbRNA,TGATAGAGAGAGA
SEL1L_rbRNA,TGATAGAGAGTAA
CANX_rbRNA,TGATAGAGAGTTA
MAF_rbRNA,TGATAGAGAGTGA
RAB36_rbRNA,TGATAGAGAGGAA
FAM161B_rbRNA,TGATAGAGAGGTA
TM7SF3_rbRNA,TGATAGTGAAATA
TUBB2A_rbRNA,TGATAGTGAAAGA
STX3_rbRNA,TGATAGTGAATAA
LNPEP_rbRNA,TGATAGTGAATTA
CEBPG_rbRNA,TGATAGTGAATGA
BATF2_rbRNA,TGATAGTGAAGAA
ANO3_rbRNA,TGATAGTGAAGTA
NEO1_rbRNA,TGATAGTGAAGGA
WDFY3_rbRNA,TGATAGTGATAAA
SEC24D_rbRNA,TGATAGTGATATA
CCDC88A_rbRNA,TGATAGTGATAGA
P2RY1_rbRNA,TGATAGTGATTAA
SLC2A4RG_rbRNA,TGATAGTGATTGA
HLA-A_rbRNA,TGATAGTGATGAA
RPS6KB1_rbRNA,TGATAGTGATGTA
EIF3B_rbRNA,TGATAGTGATGGA
ZSCAN5A_rbRNA,TGATAGTGAGAAA
DYRK3_rbRNA,TGATAGTGAGATA
PTPN21_rbRNA,TGATAGTGAGAGA
LRRC59_rbRNA,TGATAGTGAGTAA
ABCC1_rbRNA,TGATAGTGAGTTA
SLC1A4_rbRNA,TGATAGTGAGTGA
CDK5R1_rbRNA,TGATAGTGAGGAA
NFKBIZ_rbRNA,TGATAGTGAGGTA
PTTG1_rbRNA,TGATAGGGAAATA
P4HB_rbRNA,TGATAGGGAAAGA
LRRC8D_rbRNA,TGATAGGGAATAA
RB1_rbRNA,TGATAGGGAATTA
CDCA2_rbRNA,TGATAGGGAATGA
IGF2BP3_rbRNA,TGATAGGGAAGAA
ABCF3_rbRNA,TGATAGGGAAGTA
RCAN1_rbRNA,TGATAGGGAAGGA
FAM210B_rbRNA,TGATAGGGATAAA
SLC25A5_rbRNA,TGATAGGGATATA
PSMD2_rbRNA,TGATAGGGATAGA
ATP1A1_rbRNA,TGATAGGGATTAA
THBS1_rbRNA,TGATAGGGATTGA
MANEA_rbRNA,TGATAGGGATGAA
DDX59_rbRNA,TGATAGGGATGTA
GOSR1_rbRNA,TGATAGGGATGGA
SLC25A39_rbRNA,TGATAGGGAGAAA
FURIN_rbRNA,TGATAGGGAGATA
IFNGR2_rbRNA,TGATAGGGAGAGA
USP1_rbRNA,TGATAGGGAGTAA
SLC7A5_rbRNA,TGATAGGGAGTTA
MXI1_rbRNA,TGATAGGGAGTGA
ACVR1B_rbRNA,TGATAGGGAGGAA
IL27RA_rbRNA,TGATAGGGAGGTA
HSPA5_rbRNA,TGATTAAGAAATA
HELLS_rbRNA,TGATTAAGAAAGA
ALDH18A1_rbRNA,TGATTAAGAATAA
GATA3_rbRNA,TGATTAAGAATTA
SHMT2_rbRNA,TGATTAAGAATGA
AARS1_rbRNA,TGATTAAGAAGAA
UBC_rbRNA,TGATTAAGAAGTA
MCM4_rbRNA,TGATTAAGAAGGA
TAPBP_rbRNA,TGATTAAGATAAA
DIS3L_rbRNA,TGATTAAGATATA
ATIC_rbRNA,TGATTAAGATAGA
EIF1B_rbRNA,TGATTAAGATTAA
HMMR_rbRNA,TGATTAAGATTGA
HEXA_rbRNA,TGATTAAGATGAA
EGFR_rbRNA,TGATTAAGATGTA
TOP2A_rbRNA,TGATTAAGATGGA
DUSP2_rbRNA,TGATTAAGAGAAA
SPOP_rbRNA,TGATTAAGAGATA
SEC23B_rbRNA,TGATTAAGAGAGA
LUC7L3_rbRNA,TGATTAAGAGTAA
CDK2AP1_rbRNA,TGATTAAGAGTTA
CENPE_rbRNA,TGATTAAGAGTGA
CCDC127_rbRNA,TGATTAAGAGGAA
BTBD3_rbRNA,TGATTAAGAGGTA
RICTOR_rbRNA,TGATTATGAAATA
MCOLN2_rbRNA,TGATTATGAAAGA
ALG10B_rbRNA,TGATTATGAATAA
ZDHHC20_rbRNA,TGATTATGAATTA
MAP3K1_rbRNA,TGATTATGAATGA
C14orf28_rbRNA,TGATTATGAAGAA
DBN1_rbRNA,TGATTATGAAGTA
UBE4A_rbRNA,TGATTATGAAGGA
ODC1_rbRNA,TGATTATGATAAA
ZNF581_rbRNA,TGATTATGATATA
NHLRC3_rbRNA,TGATTATGATAGA
CA11_rbRNA,TGATTATGATTAA
MED8_rbRNA,TGATTATGATTGA
TUFM_rbRNA,TGATTATGATGAA
PGM3_rbRNA,TGATTATGATGTA
ATF6_rbRNA,TGATTATGATGGA
DIAPH1_rbRNA,TGATTATGAGAAA
ARMCX2_rbRNA,TGATTATGAGATA
GLRX_rbRNA,TGATTATGAGAGA
PCBP1_rbRNA,TGATTATGAGTAA
SPTBN1_rbRNA,TGATTATGAGTTA
SESN3_rbRNA,TGATTATGAGTGA
FUS_rbRNA,TGATTATGAGGAA
SRPRA_rbRNA,TGATTATGAGGTA
DLGAP5_rbRNA,TGATTAGGAAATA
NIPBL_rbRNA,TGATTAGGAAAGA
RPS6_rbRNA,TGATTAGGAATAA
RNF41_rbRNA,TGATTAGGAATTA
SRA1_rbRNA,TGATTAGGAATGA
RPP38_rbRNA,TGATTAGGAAGAA
FLNA_rbRNA,TGATTAGGAAGTA
SPG21_rbRNA,TGATTAGGAAGGA
NFE2L3_rbRNA,TGATTAGGATAAA
LAMTOR3_rbRNA,TGATTAGGATATA
FGF12_rbRNA,TGATTAGGATAGA
TMEM104_rbRNA,TGATTAGGATTAA
MTMR6_rbRNA,TGATTAGGATTGA
CALR_rbRNA,TGATTAGGATGAA
RPA2_rbRNA,TGATTAGGATGTA
KAT7_rbRNA,TGATTAGGATGGA
C1GALT1_rbRNA,TGATTAGGAGAAA
EIF3D_rbRNA,TGATTAGGAGATA
SRRM2_rbRNA,TGATTAGGAGAGA
UBE2J2_rbRNA,TGATTAGGAGTAA
NDUFS2_rbRNA,TGATTAGGAGTTA
ADAM23_rbRNA,TGATTAGGAGTGA
CCNYL1_rbRNA,TGATTAGGAGGAA
PRKDC_rbRNA,TGATTAGGAGGTA
RXRA_rbRNA,TGATTTAGAAATA
SATB1_rbRNA,TGATTTAGAAAGA
CCDC174_rbRNA,TGATTTAGAATAA
RAB35_rbRNA,TGATTTAGAATTA
ZCCHC14_rbRNA,TGATTTAGAATGA
SH3BP4_rbRNA,TGATTTAGAAGAA
EPHA2_rbRNA,TGATTTAGAAGTA
HMGB2_rbRNA,TGATTTAGAAGGA
BATF3_rbRNA,TGATTTAGATAAA
VWA8_rbRNA,TGATTTAGATATA
PELO_rbRNA,TGATTTAGATAGA
FAM13B_rbRNA,TGATTTAGATTAA
DYNLL1_rbRNA,TGATTTAGATTGA
CKAP2L_rbRNA,TGATTTAGATGAA
TMEM242_rbRNA,TGATTTAGATGTA
COL3A1_rbRNA,TGATTTAGATGGA
THAP4_rbRNA,TGATTTAGAGAAA
CLSPN_rbRNA,TGATTTAGAGATA
DYRK2_rbRNA,TGATTTAGAGAGA
LAMC1_rbRNA,TGATTTAGAGTAA
TNPO1_rbRNA,TGATTTAGAGTTA
RAB3GAP2_rbRNA,TGATTTAGAGTGA
FASN_rbRNA,TGATTTAGAGGAA
NES_rbRNA,TGATTTAGAGGTA
PARP14_rbRNA,TGATTTGGAAATA
SAFB_rbRNA,TGATTTGGAAAGA
PPP3CB_rbRNA,TGATTTGGAATAA
EI24_rbRNA,TGATTTGGAATTA
MYBL2_rbRNA,TGATTTGGAATGA
GNL3_rbRNA,TGATTTGGAAGAA
TYMS_rbRNA,TGATTTGGAAGTA
FLCN_rbRNA,TGATTTGGAAGGA
TXNDC11_rbRNA,TGATTTGGATAAA
ZNF432_rbRNA,TGATTTGGATATA
SNN_rbRNA,TGATTTGGATAGA
POLR1C_rbRNA,TGATTTGGATTAA
ATP6V0E1_rbRNA,TGATTTGGATTGA
ECT2_rbRNA,TGATTTGGATGAA
CDCA3_rbRNA,TGATTTGGATGTA
MGAT5_rbRNA,TGATTTGGATGGA
MOGS_rbRNA,TGATTTGGAGAAA
AKAP1_rbRNA,TGATTTGGAGATA
CDC6_rbRNA,TGATTTGGAGAGA
CALM3_rbRNA,TGATTTGGAGTAA
KIAA0040_rbRNA,TGATTTGGAGTTA
NCKAP5L_rbRNA,TGATTTGGAGTGA
GPR157_rbRNA,TGATTTGGAGGAA
FBXO9_rbRNA,TGATTTGGAGGTA
NT5DC2_rbRNA,TGATTGAGAAATA
SEC61B_rbRNA,TGATTGAGAAAGA
HSPD1_rbRNA,TGATTGAGAATAA
EEF1G_rbRNA,TGATTGAGAATTA
PTP4A1_rbRNA,TGATTGAGAATGA
ATP5MC1_rbRNA,TGATTGAGAAGAA
TUBA1B_rbRNA,TGATTGAGAAGTA
IFRD1_rbRNA,TGATTGAGAAGGA
CKS2_rbRNA,TGATTGAGATAAA
NUSAP1_rbRNA,TGATTGAGATATA
PSMA6_rbRNA,TGATTGAGATAGA
QRICH1_rbRNA,TGATTGAGATTAA
CSNK1E_rbRNA,TGATTGAGATTGA
WDR83OS_rbRNA,TGATTGAGATGAA
FTH1_rbRNA,TGATTGAGATGTA
RPS8_rbRNA,TGATTGAGATGGA
HGS_rbRNA,TGATTGAGAGAAA
CHRNA5_rbRNA,TGATTGAGAGATA
TRIM16_rbRNA,TGATTGAGAGAGA
FTL_rbRNA,TGATTGAGAGTAA
TM9SF1_rbRNA,TGATTGAGAGTTA
VTI1B_rbRNA,TGATTGAGAGTGA
KMT5A_rbRNA,TGATTGAGAGGAA
TXN_rbRNA,TGATTGAGAGGTA
ZNF22_rbRNA,TGATTGTGAAATA
PSMA2_rbRNA,TGATTGTGAAAGA
RPS3A_rbRNA,TGATTGTGAATAA
RPS3_rbRNA,TGATTGTGAATTA
YBX1_rbRNA,TGATTGTGAATGA
HNRNPH1_rbRNA,TGATTGTGAAGAA
C1QBP_rbRNA,TGATTGTGAAGTA
NUTF2_rbRNA,TGATTGTGAAGGA
PARK7_rbRNA,TGATTGTGATAAA
HNRNPDL_rbRNA,TGATTGTGATATA
DEK_rbRNA,TGATTGTGATAGA
RBM39_rbRNA,TGATTGTGATTAA
ALYREF_rbRNA,TGATTGTGATTGA
EIF3A_rbRNA,TGATTGTGATGAA
POLR2I_rbRNA,TGATTGTGATGTA
EIF3G_rbRNA,TGATTGTGATGGA
PNN_rbRNA,TGATTGTGAGAAA
HNRNPAB_rbRNA,TGATTGTGAGATA
SAP18_rbRNA,TGATTGTGAGAGA
PARP1_rbRNA,TGATTGTGAGTAA
ILF2_rbRNA,TGATTGTGAGTTA
UBA1_rbRNA,TGATTGTGAGTGA
CSDE1_rbRNA,TGATTGTGAGGAA
SF3B6_rbRNA,TGATTGTGAGGTA
DDX39A_rbRNA,TGATTGGGAAATA
NAA38_rbRNA,TGATTGGGAAAGA
SRSF5_rbRNA,TGATTGGGAATAA
HNRNPD_rbRNA,TGATTGGGAATTA
HNRNPU_rbRNA,TGATTGGGAATGA
TRA2B_rbRNA,TGATTGGGAAGAA
STRAP_rbRNA,TGATTGGGAAGTA
HNRNPL_rbRNA,TGATTGGGAAGGA
EIF3K_rbRNA,TGATTGGGATAAA
RUVBL1_rbRNA,TGATTGGGATATA
UBAP2L_rbRNA,TGATTGGGATAGA
HNRNPM_rbRNA,TGATTGGGATTAA
CNBP_rbRNA,TGATTGGGATTGA
RAE1_rbRNA,TGATTGGGATGAA
SRSF9_rbRNA,TGATTGGGATGTA
DHX15_rbRNA,TGATTGGGATGGA
EIF3I_rbRNA,TGATTGGGAGAAA
EIF4A3_rbRNA,TGATTGGGAGATA
PQBP1_rbRNA,TGATTGGGAGAGA
SF3B4_rbRNA,TGATTGGGAGTAA
RUVBL2_rbRNA,TGATTGGGAGTTA
HNRNPH3_rbRNA,TGATTGGGAGTGA
SFPQ_rbRNA,TGATTGGGAGGAA
EIF6_rbRNA,TGATTGGGAGGTA
ELAVL1_rbRNA,TGATGAAGAAATA
HNRNPR_rbRNA,TGATGAAGAAAGA
SF3B5_rbRNA,TGATGAAGAATAA
PTBP1_rbRNA,TGATGAAGAATTA
FAM120A_rbRNA,TGATGAAGAATGA
IPO5_rbRNA,TGATGAAGAAGAA
DAZAP1_rbRNA,TGATGAAGAAGTA
U2AF2_rbRNA,TGATGAAGAAGGA
SRSF7_rbRNA,TGATGAAGATAAA
THRAP3_rbRNA,TGATGAAGATATA
PAIP1_rbRNA,TGATGAAGATAGA
SRSF11_rbRNA,TGATGAAGATTAA
HTATSF1_rbRNA,TGATGAAGATTGA
STAU1_rbRNA,TGATGAAGATGAA
RNPS1_rbRNA,TGATGAAGATGTA
POLR2F_rbRNA,TGATGAAGATGGA
PRPF19_rbRNA,TGATGAAGAGAAA
GSPT1_rbRNA,TGATGAAGAGATA
MAGOH_rbRNA,TGATGAAGAGAGA
HNRNPUL1_rbRNA,TGATGAAGAGTAA
DHX30_rbRNA,TGATGAAGAGTTA
THOC7_rbRNA,TGATGAAGAGTGA
ZRANB2_rbRNA,TGATGAAGAGGAA
IPO7_rbRNA,TGATGAAGAGGTA
PUM3_rbRNA,TGATGATGAAATA
FAM98A_rbRNA,TGATGATGAAAGA
PAIP2_rbRNA,TGATGATGAATAA
DDX42_rbRNA,TGATGATGAATTA
G3BP2_rbRNA,TGATGATGAATGA
SSU72_rbRNA,TGATGATGAAGAA
DDX1_rbRNA,TGATGATGAAGTA
PSIP1_rbRNA,TGATGATGAAGGA
CNOT1_rbRNA,TGATGATGATAAA
YTHDF1_rbRNA,TGATGATGATATA
CPSF6_rbRNA,TGATGATGATAGA
SRSF4_rbRNA,TGATGATGATTAA
ILF3_rbRNA,TGATGATGATTGA
ACIN1_rbRNA,TGATGATGATGAA
SAFB2_rbRNA,TGATGATGATGTA
CHERP_rbRNA,TGATGATGATGGA
DHX38_rbRNA,TGATGATGAGAAA
FUBP3_rbRNA,TGATGATGAGATA
DDX41_rbRNA,TGATGATGAGAGA
KHSRP_rbRNA,TGATGATGAGTAA
SUPT6H_rbRNA,TGATGATGAGTTA
PPIH_rbRNA,TGATGATGAGTGA
POLR2G_rbRNA,TGATGATGAGGAA
HDLBP_rbRNA,TGATGATGAGGTA
SON_rbRNA,TGATGAGGAAATA
CPSF3_rbRNA,TGATGAGGAAAGA
XAB2_rbRNA,TGATGAGGAATAA
POLR2L_rbRNA,TGATGAGGAATTA
BZW2_rbRNA,TGATGAGGAATGA
SNW1_rbRNA,TGATGAGGAAGAA
AKAP8L_rbRNA,TGATGAGGAAGTA
TBRG4_rbRNA,TGATGAGGAAGGA
LSM14B_rbRNA,TGATGAGGATAAA
MRTO4_rbRNA,TGATGAGGATATA
XPO1_rbRNA,TGATGAGGATAGA
GTF2F1_rbRNA,TGATGAGGATTAA
ALKBH5_rbRNA,TGATGAGGATTGA
ADAR_rbRNA,TGATGAGGATGAA
ZNF207_rbRNA,TGATGAGGATGTA
EPAS1_rbRNA,TGATGAGGATGGA
HMGN3_rbRNA,TGATGAGGAGAAA
DRAP1_rbRNA,TGATGAGGAGATA
HMG20B_rbRNA,TGATGAGGAGAGA
FOXM1_rbRNA,TGATGAGGAGTAA
CENPX_rbRNA,TGATGAGGAGTTA
CENPB_rbRNA,TGATGAGGAGTGA
HOXC10_rbRNA,TGATGAGGAGGAA
NR2F6_rbRNA,TGATGAGGAGGTA
TBX1_rbRNA,TGATGTAGAAATA
BHLHE40_rbRNA,TGATGTAGAAAGA
CREM_rbRNA,TGATGTAGAATAA
SREBF2_rbRNA,TGATGTAGAATTA
ATF1_rbRNA,TGATGTAGAATGA
TEAD4_rbRNA,TGATGTAGAAGAA
DR1_rbRNA,TGATGTAGAAGTA
E2F4_rbRNA,TGATGTAGAAGGA
CHCHD3_rbRNA,TGATGTAGATAAA
MAFK_rbRNA,TGATGTAGATATA
E2F1_rbRNA,TGATGTAGATAGA
ZBTB7B_rbRNA,TGATGTAGATTAA
DNTTIP1_rbRNA,TGATGTAGATTGA
CBX2_rbRNA,TGATGTAGATGAA
ZNF787_rbRNA,TGATGTAGATGTA
NFYC_rbRNA,TGATGTAGATGGA
JUND_rbRNA,TGATGTAGAGAAA
FOXF2_rbRNA,TGATGTAGAGATA
ZNF384_rbRNA,TGATGTAGAGAGA
ZNF512B_rbRNA,TGATGTAGAGTAA
ZNF664_rbRNA,TGATGTAGAGTTA
ADNP_rbRNA,TGATGTAGAGTGA
ZNF146_rbRNA,TGATGTAGAGGAA
THAP7_rbRNA,TGATGTAGAGGTA
TSC22D1_rbRNA,TGATGTTGAAATA
ARID2_rbRNA,TGATGTTGAAAGA
HSF1_rbRNA,TGATGTTGAATAA
PITX1_rbRNA,TGATGTTGAATTA
TBP_rbRNA,TGATGTTGAATGA
NR2F1_rbRNA,TGATGTTGAAGAA
ZFX_rbRNA,TGATGTTGAAGTA
FOXK2_rbRNA,TGATGTTGAAGGA
YY1_rbRNA,TGATGTTGATAAA
NACC2_rbRNA,TGATGTTGATATA
VEZF1_rbRNA,TGATGTTGATAGA
SOX4_rbRNA,TGATGTTGATTAA
TFAP2C_rbRNA,TGATGTTGATTGA
ELK1_rbRNA,TGATGTTGATGAA
TFE3_rbRNA,TGATGTTGATGTA
GTF2I_rbRNA,TGATGTTGATGGA
PHF20_rbRNA,TGATGTTGAGAAA
TEAD1_rbRNA,TGATGTTGAGATA
GLMP_rbRNA,TGATGTTGAGAGA
CREB3L2_rbRNA,TGATGTTGAGTAA
ZFP91_rbRNA,TGATGTTGAGTTA
AHCTF1_rbRNA,TGATGTTGAGTGA
TCFL5_rbRNA,TGATGTTGAGGAA
ATF6B_rbRNA,TGATGTTGAGGTA
PRMT3_rbRNA,TGATGTGGAAATA
PBX2_rbRNA,TGATGTGGAAAGA
MEF2D_rbRNA,TGATGTGGAATAA
ZNF335_rbRNA,TGATGTGGAATTA
THYN1_rbRNA,TGATGTGGAATGA
JDP2_rbRNA,TGATGTGGAAGAA
ZNF512_rbRNA,TGATGTGGAAGTA
FOXK1_rbRNA,TGATGTGGAAGGA
PCGF2_rbRNA,TGATGTGGATAAA
TTF1_rbRNA,TGATGTGGATATA
RELA_rbRNA,TGATGTGGATAGA
TRAFD1_rbRNA,TGATGTGGATTAA
ZNF428_rbRNA,TGATGTGGATTGA
FOXC2_rbRNA,TGATGTGGATGAA
KLF13_rbRNA,TGATGTGGATGTA
ZNF609_rbRNA,TGATGTGGATGGA
ZBTB38_rbRNA,TGATGTGGAGAAA
GATA2_rbRNA,TGATGTGGAGATA
NFIC_rbRNA,TGATGTGGAGAGA
BPTF_rbRNA,TGATGTGGAGTAA
UBP1_rbRNA,TGATGTGGAGTTA
KLF10_rbRNA,TGATGTGGAGTGA
ZNF281_rbRNA,TGATGTGGAGGAA
ZNF121_rbRNA,TGATGTGGAGGTA
E2F3_rbRNA,TGATGGAGAAATA
SOX12_rbRNA,TGATGGAGAAAGA
XPA_rbRNA,TGATGGAGAATAA
PLAGL1_rbRNA,TGATGGAGAATTA
TP53_rbRNA,TGATGGAGAATGA
ZBTB12_rbRNA,TGATGGAGAAGAA
MSANTD3_rbRNA,TGATGGAGAAGTA
HNRNPC_rbRNA,TGATGGAGATAAA
EIF3C_rbRNA,TGATGGAGATATA
EIF4B_rbRNA,TGATGGAGATAGA
BCLAF1_rbRNA,TGATGGAGATTAA
SRSF2_rbRNA,TGATGGAGATTGA
RBM4_rbRNA,TGATGGAGATGAA
SRSF1_rbRNA,TGATGGAGATGTA
NME2_rbRNA,TGATGGAGATGGA
HMGA1_rbRNA,TGATGGAGAGAAA
AHRR_rbRNA,TGATGGAGAGATA
SERBP1_rbRNA,TGATGGAGAGAGA
EIF5A_rbRNA,TGATGGAGAGTAA
SUB1_rbRNA,TGATGGAGAGTTA
BZW1_rbRNA,TGATGGAGAGTGA
EIF3J_rbRNA,TGATGGAGAGGAA
EIF1_rbRNA,TGATGGAGAGGTA
SRSF3_rbRNA,TGATGGTGAAATA
ARL6IP4_rbRNA,TGATGGTGAAAGA
PIMREG_rbRNA,TGATGGTGAATAA
JPT1_rbRNA,TGATGGTGAATTA
ADPRS_rbRNA,TGATGGTGAATGA
CENPU_rbRNA,TGATGGTGAAGAA
IRF4_rbRNA,TGATGGTGAAGTA
CCN2_rbRNA,TGATGGTGAAGGA
TASOR2_rbRNA,TGATGGTGATAAA
